user_id,hour,city,category,behavior,amount
102,20,上海,服饰,cart,88.0
104,22,广州,图书,purchase,299.0
105,8,南昌,数码,browse,0.0
106,10,北京,美妆,cart,0.0
107,12,上海,服饰,collect,0.0
109,19,广州,图书,browse,230.0
110,20,南昌,数码,cart,88.0
111,21,北京,美妆,collect,19.9
112,22,上海,服饰,purchase,299.0
114,10,广州,图书,cart,0.0
115,12,南昌,数码,collect,0.0
116,15,北京,美妆,purchase,120.0
117,19,上海,服饰,browse,230.0
119,21,广州,图书,collect,19.9
120,22,南昌,数码,purchase,299.0
121,8,北京,美妆,browse,0.0
122,10,上海,服饰,cart,0.0
124,15,广州,图书,purchase,120.0
125,19,南昌,数码,browse,230.0
126,20,北京,美妆,cart,88.0
127,21,上海,服饰,collect,19.9
129,8,广州,图书,browse,0.0
130,10,南昌,数码,cart,0.0
131,12,北京,美妆,collect,0.0
132,15,上海,服饰,purchase,120.0
134,20,广州,图书,cart,88.0
135,21,南昌,数码,collect,19.9
136,22,北京,美妆,purchase,299.0
137,8,上海,服饰,browse,0.0
139,12,广州,图书,collect,0.0
140,15,南昌,数码,purchase,120.0
141,19,北京,美妆,browse,230.0
142,20,上海,服饰,cart,88.0
144,22,广州,图书,purchase,299.0
145,8,南昌,数码,browse,0.0
146,10,北京,美妆,cart,0.0
147,12,上海,服饰,collect,0.0
149,19,广州,图书,browse,230.0
150,20,南昌,数码,cart,88.0
151,21,北京,美妆,collect,19.9
152,22,上海,服饰,purchase,299.0
154,10,广州,图书,cart,0.0
155,12,南昌,数码,collect,0.0
156,15,北京,美妆,purchase,120.0
157,19,上海,服饰,browse,230.0
159,21,广州,图书,collect,19.9
160,22,南昌,数码,purchase,299.0
161,8,北京,美妆,browse,0.0
162,10,上海,服饰,cart,0.0
164,15,广州,图书,purchase,120.0
165,19,南昌,数码,browse,230.0
166,20,北京,美妆,cart,88.0
167,21,上海,服饰,collect,19.9
169,8,广州,图书,browse,0.0
170,10,南昌,数码,cart,0.0
171,12,北京,美妆,collect,0.0
172,15,上海,服饰,purchase,120.0
174,20,广州,图书,cart,88.0
175,21,南昌,数码,collect,19.9
176,22,北京,美妆,purchase,299.0
177,8,上海,服饰,browse,0.0
179,12,广州,图书,collect,0.0
180,15,南昌,数码,purchase,120.0
181,19,北京,美妆,browse,230.0
182,20,上海,服饰,cart,88.0
184,22,广州,图书,purchase,299.0
185,8,南昌,数码,browse,0.0
186,10,北京,美妆,cart,0.0
187,12,上海,服饰,collect,0.0
189,19,广州,图书,browse,230.0
190,20,南昌,数码,cart,88.0
191,21,北京,美妆,collect,19.9
192,22,上海,服饰,purchase,299.0
194,10,广州,图书,cart,0.0
195,12,南昌,数码,collect,0.0
196,15,北京,美妆,purchase,120.0
197,19,上海,服饰,browse,230.0
199,21,广州,图书,collect,19.9
200,22,南昌,数码,purchase,299.0
201,8,北京,美妆,browse,0.0
202,10,上海,服饰,cart,0.0
204,15,广州,图书,purchase,120.0
205,19,南昌,数码,browse,230.0
206,20,北京,美妆,cart,88.0
207,21,上海,服饰,collect,19.9
209,8,广州,图书,browse,0.0
210,10,南昌,数码,cart,0.0
211,12,北京,美妆,collect,0.0
212,15,上海,服饰,purchase,120.0
214,20,广州,图书,cart,88.0
215,21,南昌,数码,collect,19.9
216,22,北京,美妆,purchase,299.0
217,8,上海,服饰,browse,0.0
219,12,广州,图书,collect,0.0
220,15,南昌,数码,purchase,120.0
221,19,北京,美妆,browse,230.0
222,20,上海,服饰,cart,88.0
224,22,广州,图书,purchase,299.0
225,8,南昌,数码,browse,0.0
226,10,北京,美妆,cart,0.0
227,12,上海,服饰,collect,0.0
229,19,广州,图书,browse,230.0
230,20,南昌,数码,cart,88.0
231,21,北京,美妆,collect,19.9
232,22,上海,服饰,purchase,299.0
234,10,广州,图书,cart,0.0
235,12,南昌,数码,collect,0.0
236,15,北京,美妆,purchase,120.0
237,19,上海,服饰,browse,230.0
239,21,广州,图书,collect,19.9
240,22,南昌,数码,purchase,299.0
241,8,北京,美妆,browse,0.0
242,10,上海,服饰,cart,0.0
244,15,广州,图书,purchase,120.0
245,19,南昌,数码,browse,230.0
246,20,北京,美妆,cart,88.0
247,21,上海,服饰,collect,19.9
249,8,广州,图书,browse,0.0
250,10,南昌,数码,cart,0.0
251,12,北京,美妆,collect,0.0
252,15,上海,服饰,purchase,120.0
254,20,广州,图书,cart,88.0
255,21,南昌,数码,collect,19.9
256,22,北京,美妆,purchase,299.0
257,8,上海,服饰,browse,0.0
259,12,广州,图书,collect,0.0
260,15,南昌,数码,purchase,120.0
261,19,北京,美妆,browse,230.0
262,20,上海,服饰,cart,88.0
264,22,广州,图书,purchase,299.0
265,8,南昌,数码,browse,0.0
266,10,北京,美妆,cart,0.0
267,12,上海,服饰,collect,0.0
269,19,广州,图书,browse,230.0
270,20,南昌,数码,cart,88.0
271,21,北京,美妆,collect,19.9
272,22,上海,服饰,purchase,299.0
274,10,广州,图书,cart,0.0
275,12,南昌,数码,collect,0.0
276,15,北京,美妆,purchase,120.0
277,19,上海,服饰,browse,230.0
279,21,广州,图书,collect,19.9
280,22,南昌,数码,purchase,299.0
281,8,北京,美妆,browse,0.0
282,10,上海,服饰,cart,0.0
284,15,广州,图书,purchase,120.0
285,19,南昌,数码,browse,230.0
286,20,北京,美妆,cart,88.0
287,21,上海,服饰,collect,19.9
289,8,广州,图书,browse,0.0
290,10,南昌,数码,cart,0.0
291,12,北京,美妆,collect,0.0
292,15,上海,服饰,purchase,120.0
294,20,广州,图书,cart,88.0
295,21,南昌,数码,collect,19.9
296,22,北京,美妆,purchase,299.0
297,8,上海,服饰,browse,0.0
299,12,广州,图书,collect,0.0
300,15,南昌,数码,purchase,120.0
301,19,北京,美妆,browse,230.0
302,20,上海,服饰,cart,88.0
304,22,广州,图书,purchase,299.0
305,8,南昌,数码,browse,0.0
306,10,北京,美妆,cart,0.0
307,12,上海,服饰,collect,0.0
309,19,广州,图书,browse,230.0
310,20,南昌,数码,cart,88.0
311,21,北京,美妆,collect,19.9
312,22,上海,服饰,purchase,299.0
314,10,广州,图书,cart,0.0
315,12,南昌,数码,collect,0.0
316,15,北京,美妆,purchase,120.0
317,19,上海,服饰,browse,230.0
319,21,广州,图书,collect,19.9
320,22,南昌,数码,purchase,299.0
321,8,北京,美妆,browse,0.0
322,10,上海,服饰,cart,0.0
324,15,广州,图书,purchase,120.0
325,19,南昌,数码,browse,230.0
326,20,北京,美妆,cart,88.0
327,21,上海,服饰,collect,19.9
329,8,广州,图书,browse,0.0
330,10,南昌,数码,cart,0.0
331,12,北京,美妆,collect,0.0
332,15,上海,服饰,purchase,120.0
334,20,广州,图书,cart,88.0
335,21,南昌,数码,collect,19.9
336,22,北京,美妆,purchase,299.0
337,8,上海,服饰,browse,0.0
339,12,广州,图书,collect,0.0
340,15,南昌,数码,purchase,120.0
341,19,北京,美妆,browse,230.0
342,20,上海,服饰,cart,88.0
344,22,广州,图书,purchase,299.0
345,8,南昌,数码,browse,0.0
346,10,北京,美妆,cart,0.0
347,12,上海,服饰,collect,0.0
349,19,广州,图书,browse,230.0
350,20,南昌,数码,cart,88.0
351,21,北京,美妆,collect,19.9
352,22,上海,服饰,purchase,299.0
354,10,广州,图书,cart,0.0
355,12,南昌,数码,collect,0.0
356,15,北京,美妆,purchase,120.0
357,19,上海,服饰,browse,230.0
359,21,广州,图书,collect,19.9
360,22,南昌,数码,purchase,299.0
361,8,北京,美妆,browse,0.0
362,10,上海,服饰,cart,0.0
364,15,广州,图书,purchase,120.0
365,19,南昌,数码,browse,230.0
366,20,北京,美妆,cart,88.0
367,21,上海,服饰,collect,19.9
369,8,广州,图书,browse,0.0
370,10,南昌,数码,cart,0.0
371,12,北京,美妆,collect,0.0
372,15,上海,服饰,purchase,120.0
374,20,广州,图书,cart,88.0
375,21,南昌,数码,collect,19.9
376,22,北京,美妆,purchase,299.0
377,8,上海,服饰,browse,0.0
379,12,广州,图书,collect,0.0
380,15,南昌,数码,purchase,120.0
381,19,北京,美妆,browse,230.0
382,20,上海,服饰,cart,88.0
384,22,广州,图书,purchase,299.0
385,8,南昌,数码,browse,0.0
386,10,北京,美妆,cart,0.0
387,12,上海,服饰,collect,0.0
389,19,广州,图书,browse,230.0
390,20,南昌,数码,cart,88.0
391,21,北京,美妆,collect,19.9
392,22,上海,服饰,purchase,299.0
394,10,广州,图书,cart,0.0
395,12,南昌,数码,collect,0.0
396,15,北京,美妆,purchase,120.0
397,19,上海,服饰,browse,230.0
399,21,广州,图书,collect,19.9
400,22,南昌,数码,purchase,299.0
401,8,北京,美妆,browse,0.0
402,10,上海,服饰,cart,0.0
404,15,广州,图书,purchase,120.0
405,19,南昌,数码,browse,230.0
406,20,北京,美妆,cart,88.0
407,21,上海,服饰,collect,19.9
409,8,广州,图书,browse,0.0
410,10,南昌,数码,cart,0.0
411,12,北京,美妆,collect,0.0
412,15,上海,服饰,purchase,120.0
414,20,广州,图书,cart,88.0
415,21,南昌,数码,collect,19.9
416,22,北京,美妆,purchase,299.0
417,8,上海,服饰,browse,0.0
419,12,广州,图书,collect,0.0
420,15,南昌,数码,purchase,120.0
421,19,北京,美妆,browse,230.0
422,20,上海,服饰,cart,88.0
424,22,广州,图书,purchase,299.0
425,8,南昌,数码,browse,0.0
426,10,北京,美妆,cart,0.0
427,12,上海,服饰,collect,0.0
429,19,广州,图书,browse,230.0
430,20,南昌,数码,cart,88.0
431,21,北京,美妆,collect,19.9
432,22,上海,服饰,purchase,299.0
434,10,广州,图书,cart,0.0
435,12,南昌,数码,collect,0.0
436,15,北京,美妆,purchase,120.0
437,19,上海,服饰,browse,230.0
439,21,广州,图书,collect,19.9
440,22,南昌,数码,purchase,299.0
441,8,北京,美妆,browse,0.0
442,10,上海,服饰,cart,0.0
444,15,广州,图书,purchase,120.0
445,19,南昌,数码,browse,230.0
446,20,北京,美妆,cart,88.0
447,21,上海,服饰,collect,19.9
449,8,广州,图书,browse,0.0
450,10,南昌,数码,cart,0.0
451,12,北京,美妆,collect,0.0
452,15,上海,服饰,purchase,120.0
454,20,广州,图书,cart,88.0
455,21,南昌,数码,collect,19.9
456,22,北京,美妆,purchase,299.0
457,8,上海,服饰,browse,0.0
459,12,广州,图书,collect,0.0
460,15,南昌,数码,purchase,120.0
461,19,北京,美妆,browse,230.0
462,20,上海,服饰,cart,88.0
464,22,广州,图书,purchase,299.0
465,8,南昌,数码,browse,0.0
466,10,北京,美妆,cart,0.0
467,12,上海,服饰,collect,0.0
469,19,广州,图书,browse,230.0
470,20,南昌,数码,cart,88.0
471,21,北京,美妆,collect,19.9
472,22,上海,服饰,purchase,299.0
474,10,广州,图书,cart,0.0
475,12,南昌,数码,collect,0.0
476,15,北京,美妆,purchase,120.0
477,19,上海,服饰,browse,230.0
479,21,广州,图书,collect,19.9
480,22,南昌,数码,purchase,299.0
481,8,北京,美妆,browse,0.0
482,10,上海,服饰,cart,0.0
484,15,广州,图书,purchase,120.0
485,19,南昌,数码,browse,230.0
486,20,北京,美妆,cart,88.0
487,21,上海,服饰,collect,19.9
489,8,广州,图书,browse,0.0
490,10,南昌,数码,cart,0.0
491,12,北京,美妆,collect,0.0
492,15,上海,服饰,purchase,120.0
494,20,广州,图书,cart,88.0
495,21,南昌,数码,collect,19.9
496,22,北京,美妆,purchase,299.0
497,8,上海,服饰,browse,0.0
499,12,广州,图书,collect,0.0
500,15,南昌,数码,purchase,120.0
501,19,北京,美妆,browse,230.0
502,20,上海,服饰,cart,88.0
504,22,广州,图书,purchase,299.0
505,8,南昌,数码,browse,0.0
506,10,北京,美妆,cart,0.0
507,12,上海,服饰,collect,0.0
509,19,广州,图书,browse,230.0
510,20,南昌,数码,cart,88.0
511,21,北京,美妆,collect,19.9
512,22,上海,服饰,purchase,299.0
514,10,广州,图书,cart,0.0
515,12,南昌,数码,collect,0.0
516,15,北京,美妆,purchase,120.0
517,19,上海,服饰,browse,230.0
519,21,广州,图书,collect,19.9
520,22,南昌,数码,purchase,299.0
521,8,北京,美妆,browse,0.0
522,10,上海,服饰,cart,0.0
524,15,广州,图书,purchase,120.0
525,19,南昌,数码,browse,230.0
526,20,北京,美妆,cart,88.0
527,21,上海,服饰,collect,19.9
529,8,广州,图书,browse,0.0
530,10,南昌,数码,cart,0.0
531,12,北京,美妆,collect,0.0
532,15,上海,服饰,purchase,120.0
534,20,广州,图书,cart,88.0
535,21,南昌,数码,collect,19.9
536,22,北京,美妆,purchase,299.0
537,8,上海,服饰,browse,0.0
539,12,广州,图书,collect,0.0
540,15,南昌,数码,purchase,120.0
541,19,北京,美妆,browse,230.0
542,20,上海,服饰,cart,88.0
544,22,广州,图书,purchase,299.0
545,8,南昌,数码,browse,0.0
546,10,北京,美妆,cart,0.0
547,12,上海,服饰,collect,0.0
549,19,广州,图书,browse,230.0
550,20,南昌,数码,cart,88.0
551,21,北京,美妆,collect,19.9
552,22,上海,服饰,purchase,299.0
554,10,广州,图书,cart,0.0
555,12,南昌,数码,collect,0.0
556,15,北京,美妆,purchase,120.0
557,19,上海,服饰,browse,230.0
559,21,广州,图书,collect,19.9
560,22,南昌,数码,purchase,299.0
561,8,北京,美妆,browse,0.0
562,10,上海,服饰,cart,0.0
564,15,广州,图书,purchase,120.0
565,19,南昌,数码,browse,230.0
566,20,北京,美妆,cart,88.0
567,21,上海,服饰,collect,19.9
569,8,广州,图书,browse,0.0
570,10,南昌,数码,cart,0.0
571,12,北京,美妆,collect,0.0
572,15,上海,服饰,purchase,120.0
574,20,广州,图书,cart,88.0
575,21,南昌,数码,collect,19.9
576,22,北京,美妆,purchase,299.0
577,8,上海,服饰,browse,0.0
579,12,广州,图书,collect,0.0
580,15,南昌,数码,purchase,120.0
581,19,北京,美妆,browse,230.0
582,20,上海,服饰,cart,88.0
584,22,广州,图书,purchase,299.0
585,8,南昌,数码,browse,0.0
586,10,北京,美妆,cart,0.0
587,12,上海,服饰,collect,0.0
589,19,广州,图书,browse,230.0
590,20,南昌,数码,cart,88.0
591,21,北京,美妆,collect,19.9
592,22,上海,服饰,purchase,299.0
594,10,广州,图书,cart,0.0
595,12,南昌,数码,collect,0.0
596,15,北京,美妆,purchase,120.0
597,19,上海,服饰,browse,230.0
599,21,广州,图书,collect,19.9
600,22,南昌,数码,purchase,299.0
601,8,北京,美妆,browse,0.0
602,10,上海,服饰,cart,0.0
604,15,广州,图书,purchase,120.0
605,19,南昌,数码,browse,230.0
606,20,北京,美妆,cart,88.0
607,21,上海,服饰,collect,19.9
609,8,广州,图书,browse,0.0
610,10,南昌,数码,cart,0.0
611,12,北京,美妆,collect,0.0
612,15,上海,服饰,purchase,120.0
614,20,广州,图书,cart,88.0
615,21,南昌,数码,collect,19.9
616,22,北京,美妆,purchase,299.0
617,8,上海,服饰,browse,0.0
619,12,广州,图书,collect,0.0
620,15,南昌,数码,purchase,120.0
621,19,北京,美妆,browse,230.0
622,20,上海,服饰,cart,88.0
624,22,广州,图书,purchase,299.0
625,8,南昌,数码,browse,0.0
626,10,北京,美妆,cart,0.0
627,12,上海,服饰,collect,0.0
629,19,广州,图书,browse,230.0
630,20,南昌,数码,cart,88.0
631,21,北京,美妆,collect,19.9
632,22,上海,服饰,purchase,299.0
634,10,广州,图书,cart,0.0
635,12,南昌,数码,collect,0.0
636,15,北京,美妆,purchase,120.0
637,19,上海,服饰,browse,230.0
639,21,广州,图书,collect,19.9
640,22,南昌,数码,purchase,299.0
641,8,北京,美妆,browse,0.0
642,10,上海,服饰,cart,0.0
644,15,广州,图书,purchase,120.0
645,19,南昌,数码,browse,230.0
646,20,北京,美妆,cart,88.0
647,21,上海,服饰,collect,19.9
649,8,广州,图书,browse,0.0
650,10,南昌,数码,cart,0.0
651,12,北京,美妆,collect,0.0
652,15,上海,服饰,purchase,120.0
654,20,广州,图书,cart,88.0
655,21,南昌,数码,collect,19.9
656,22,北京,美妆,purchase,299.0
657,8,上海,服饰,browse,0.0
659,12,广州,图书,collect,0.0
660,15,南昌,数码,purchase,120.0
661,19,北京,美妆,browse,230.0
662,20,上海,服饰,cart,88.0
664,22,广州,图书,purchase,299.0
665,8,南昌,数码,browse,0.0
666,10,北京,美妆,cart,0.0
667,12,上海,服饰,collect,0.0
669,19,广州,图书,browse,230.0
670,20,南昌,数码,cart,88.0
671,21,北京,美妆,collect,19.9
672,22,上海,服饰,purchase,299.0
674,10,广州,图书,cart,0.0
675,12,南昌,数码,collect,0.0
676,15,北京,美妆,purchase,120.0
677,19,上海,服饰,browse,230.0
679,21,广州,图书,collect,19.9
680,22,南昌,数码,purchase,299.0
681,8,北京,美妆,browse,0.0
682,10,上海,服饰,cart,0.0
684,15,广州,图书,purchase,120.0
685,19,南昌,数码,browse,230.0
686,20,北京,美妆,cart,88.0
687,21,上海,服饰,collect,19.9
689,8,广州,图书,browse,0.0
690,10,南昌,数码,cart,0.0
691,12,北京,美妆,collect,0.0
692,15,上海,服饰,purchase,120.0
694,20,广州,图书,cart,88.0
695,21,南昌,数码,collect,19.9
696,22,北京,美妆,purchase,299.0
697,8,上海,服饰,browse,0.0
699,12,广州,图书,collect,0.0
700,15,南昌,数码,purchase,120.0
701,19,北京,美妆,browse,230.0
702,20,上海,服饰,cart,88.0
704,22,广州,图书,purchase,299.0
705,8,南昌,数码,browse,0.0
706,10,北京,美妆,cart,0.0
707,12,上海,服饰,collect,0.0
709,19,广州,图书,browse,230.0
710,20,南昌,数码,cart,88.0
711,21,北京,美妆,collect,19.9
712,22,上海,服饰,purchase,299.0
714,10,广州,图书,cart,0.0
715,12,南昌,数码,collect,0.0
716,15,北京,美妆,purchase,120.0
717,19,上海,服饰,browse,230.0
719,21,广州,图书,collect,19.9
720,22,南昌,数码,purchase,299.0
721,8,北京,美妆,browse,0.0
722,10,上海,服饰,cart,0.0
724,15,广州,图书,purchase,120.0
725,19,南昌,数码,browse,230.0
726,20,北京,美妆,cart,88.0
727,21,上海,服饰,collect,19.9
729,8,广州,图书,browse,0.0
730,10,南昌,数码,cart,0.0
731,12,北京,美妆,collect,0.0
732,15,上海,服饰,purchase,120.0
734,20,广州,图书,cart,88.0
735,21,南昌,数码,collect,19.9
736,22,北京,美妆,purchase,299.0
737,8,上海,服饰,browse,0.0
739,12,广州,图书,collect,0.0
740,15,南昌,数码,purchase,120.0
741,19,北京,美妆,browse,230.0
742,20,上海,服饰,cart,88.0
744,22,广州,图书,purchase,299.0
745,8,南昌,数码,browse,0.0
746,10,北京,美妆,cart,0.0
747,12,上海,服饰,collect,0.0
749,19,广州,图书,browse,230.0
750,20,南昌,数码,cart,88.0
751,21,北京,美妆,collect,19.9
752,22,上海,服饰,purchase,299.0
754,10,广州,图书,cart,0.0
755,12,南昌,数码,collect,0.0
756,15,北京,美妆,purchase,120.0
757,19,上海,服饰,browse,230.0
759,21,广州,图书,collect,19.9
760,22,南昌,数码,purchase,299.0
761,8,北京,美妆,browse,0.0
762,10,上海,服饰,cart,0.0
764,15,广州,图书,purchase,120.0
765,19,南昌,数码,browse,230.0
766,20,北京,美妆,cart,88.0
767,21,上海,服饰,collect,19.9
769,8,广州,图书,browse,0.0
770,10,南昌,数码,cart,0.0
771,12,北京,美妆,collect,0.0
772,15,上海,服饰,purchase,120.0
774,20,广州,图书,cart,88.0
775,21,南昌,数码,collect,19.9
776,22,北京,美妆,purchase,299.0
777,8,上海,服饰,browse,0.0
779,12,广州,图书,collect,0.0
780,15,南昌,数码,purchase,120.0
781,19,北京,美妆,browse,230.0
782,20,上海,服饰,cart,88.0
784,22,广州,图书,purchase,299.0
785,8,南昌,数码,browse,0.0
786,10,北京,美妆,cart,0.0
787,12,上海,服饰,collect,0.0
789,19,广州,图书,browse,230.0
790,20,南昌,数码,cart,88.0
791,21,北京,美妆,collect,19.9
792,22,上海,服饰,purchase,299.0
794,10,广州,图书,cart,0.0
795,12,南昌,数码,collect,0.0
796,15,北京,美妆,purchase,120.0
797,19,上海,服饰,browse,230.0
799,21,广州,图书,collect,19.9
800,22,南昌,数码,purchase,299.0
801,8,北京,美妆,browse,0.0
802,10,上海,服饰,cart,0.0
804,15,广州,图书,purchase,120.0
805,19,南昌,数码,browse,230.0
806,20,北京,美妆,cart,88.0
807,21,上海,服饰,collect,19.9
809,8,广州,图书,browse,0.0
810,10,南昌,数码,cart,0.0
811,12,北京,美妆,collect,0.0
812,15,上海,服饰,purchase,120.0
814,20,广州,图书,cart,88.0
815,21,南昌,数码,collect,19.9
816,22,北京,美妆,purchase,299.0
817,8,上海,服饰,browse,0.0
819,12,广州,图书,collect,0.0
820,15,南昌,数码,purchase,120.0
821,19,北京,美妆,browse,230.0
822,20,上海,服饰,cart,88.0
824,22,广州,图书,purchase,299.0
825,8,南昌,数码,browse,0.0
826,10,北京,美妆,cart,0.0
827,12,上海,服饰,collect,0.0
829,19,广州,图书,browse,230.0
830,20,南昌,数码,cart,88.0
831,21,北京,美妆,collect,19.9
832,22,上海,服饰,purchase,299.0
834,10,广州,图书,cart,0.0
835,12,南昌,数码,collect,0.0
836,15,北京,美妆,purchase,120.0
837,19,上海,服饰,browse,230.0
839,21,广州,图书,collect,19.9
840,22,南昌,数码,purchase,299.0
841,8,北京,美妆,browse,0.0
842,10,上海,服饰,cart,0.0
844,15,广州,图书,purchase,120.0
845,19,南昌,数码,browse,230.0
846,20,北京,美妆,cart,88.0
847,21,上海,服饰,collect,19.9
849,8,广州,图书,browse,0.0
850,10,南昌,数码,cart,0.0
851,12,北京,美妆,collect,0.0
852,15,上海,服饰,purchase,120.0
854,20,广州,图书,cart,88.0
855,21,南昌,数码,collect,19.9
856,22,北京,美妆,purchase,299.0
857,8,上海,服饰,browse,0.0
859,12,广州,图书,collect,0.0
860,15,南昌,数码,purchase,120.0
861,19,北京,美妆,browse,230.0
862,20,上海,服饰,cart,88.0
864,22,广州,图书,purchase,299.0
865,8,南昌,数码,browse,0.0
866,10,北京,美妆,cart,0.0
867,12,上海,服饰,collect,0.0
869,19,广州,图书,browse,230.0
870,20,南昌,数码,cart,88.0
871,21,北京,美妆,collect,19.9
872,22,上海,服饰,purchase,299.0
874,10,广州,图书,cart,0.0
875,12,南昌,数码,collect,0.0
876,15,北京,美妆,purchase,120.0
877,19,上海,服饰,browse,230.0
879,21,广州,图书,collect,19.9
880,22,南昌,数码,purchase,299.0
881,8,北京,美妆,browse,0.0
882,10,上海,服饰,cart,0.0
884,15,广州,图书,purchase,120.0
885,19,南昌,数码,browse,230.0
886,20,北京,美妆,cart,88.0
887,21,上海,服饰,collect,19.9
889,8,广州,图书,browse,0.0
890,10,南昌,数码,cart,0.0
891,12,北京,美妆,collect,0.0
892,15,上海,服饰,purchase,120.0
894,20,广州,图书,cart,88.0
895,21,南昌,数码,collect,19.9
896,22,北京,美妆,purchase,299.0
897,8,上海,服饰,browse,0.0
899,12,广州,图书,collect,0.0
900,15,南昌,数码,purchase,120.0
901,19,北京,美妆,browse,230.0
902,20,上海,服饰,cart,88.0
904,22,广州,图书,purchase,299.0
905,8,南昌,数码,browse,0.0
906,10,北京,美妆,cart,0.0
907,12,上海,服饰,collect,0.0
909,19,广州,图书,browse,230.0
910,20,南昌,数码,cart,88.0
911,21,北京,美妆,collect,19.9
912,22,上海,服饰,purchase,299.0
914,10,广州,图书,cart,0.0
915,12,南昌,数码,collect,0.0
916,15,北京,美妆,purchase,120.0
917,19,上海,服饰,browse,230.0
919,21,广州,图书,collect,19.9
920,22,南昌,数码,purchase,299.0
921,8,北京,美妆,browse,0.0
922,10,上海,服饰,cart,0.0
924,15,广州,图书,purchase,120.0
925,19,南昌,数码,browse,230.0
926,20,北京,美妆,cart,88.0
927,21,上海,服饰,collect,19.9
929,8,广州,图书,browse,0.0
930,10,南昌,数码,cart,0.0
931,12,北京,美妆,collect,0.0
932,15,上海,服饰,purchase,120.0
934,20,广州,图书,cart,88.0
935,21,南昌,数码,collect,19.9
936,22,北京,美妆,purchase,299.0
937,8,上海,服饰,browse,0.0
939,12,广州,图书,collect,0.0
940,15,南昌,数码,purchase,120.0
941,19,北京,美妆,browse,230.0
942,20,上海,服饰,cart,88.0
944,22,广州,图书,purchase,299.0
945,8,南昌,数码,browse,0.0
946,10,北京,美妆,cart,0.0
947,12,上海,服饰,collect,0.0
949,19,广州,图书,browse,230.0
950,20,南昌,数码,cart,88.0
951,21,北京,美妆,collect,19.9
952,22,上海,服饰,purchase,299.0
954,10,广州,图书,cart,0.0
955,12,南昌,数码,collect,0.0
956,15,北京,美妆,purchase,120.0
957,19,上海,服饰,browse,230.0
959,21,广州,图书,collect,19.9
960,22,南昌,数码,purchase,299.0
961,8,北京,美妆,browse,0.0
962,10,上海,服饰,cart,0.0
964,15,广州,图书,purchase,120.0
965,19,南昌,数码,browse,230.0
966,20,北京,美妆,cart,88.0
967,21,上海,服饰,collect,19.9
969,8,广州,图书,browse,0.0
970,10,南昌,数码,cart,0.0
971,12,北京,美妆,collect,0.0
972,15,上海,服饰,purchase,120.0
974,20,广州,图书,cart,88.0
975,21,南昌,数码,collect,19.9
976,22,北京,美妆,purchase,299.0
977,8,上海,服饰,browse,0.0
979,12,广州,图书,collect,0.0
980,15,南昌,数码,purchase,120.0
981,19,北京,美妆,browse,230.0
982,20,上海,服饰,cart,88.0
984,22,广州,图书,purchase,299.0
985,8,南昌,数码,browse,0.0
986,10,北京,美妆,cart,0.0
987,12,上海,服饰,collect,0.0
989,19,广州,图书,browse,230.0
990,20,南昌,数码,cart,88.0
991,21,北京,美妆,collect,19.9
992,22,上海,服饰,purchase,299.0
994,10,广州,图书,cart,0.0
995,12,南昌,数码,collect,0.0
996,15,北京,美妆,purchase,120.0
997,19,上海,服饰,browse,230.0
999,21,广州,图书,collect,19.9
1000,22,南昌,数码,purchase,299.0
1001,8,北京,美妆,browse,0.0
1002,10,上海,服饰,cart,0.0
1004,15,广州,图书,purchase,120.0
1005,19,南昌,数码,browse,230.0
1006,20,北京,美妆,cart,88.0
1007,21,上海,服饰,collect,19.9
1009,8,广州,图书,browse,0.0
1010,10,南昌,数码,cart,0.0
1011,12,北京,美妆,collect,0.0
1012,15,上海,服饰,purchase,120.0
1014,20,广州,图书,cart,88.0
1015,21,南昌,数码,collect,19.9
1016,22,北京,美妆,purchase,299.0
1017,8,上海,服饰,browse,0.0
1019,12,广州,图书,collect,0.0
1020,15,南昌,数码,purchase,120.0
1021,19,北京,美妆,browse,230.0
1022,20,上海,服饰,cart,88.0
1024,22,广州,图书,purchase,299.0
1025,8,南昌,数码,browse,0.0
1026,10,北京,美妆,cart,0.0
1027,12,上海,服饰,collect,0.0
1029,19,广州,图书,browse,230.0
1030,20,南昌,数码,cart,88.0
1031,21,北京,美妆,collect,19.9
1032,22,上海,服饰,purchase,299.0
1034,10,广州,图书,cart,0.0
1035,12,南昌,数码,collect,0.0
1036,15,北京,美妆,purchase,120.0
1037,19,上海,服饰,browse,230.0
1039,21,广州,图书,collect,19.9
1040,22,南昌,数码,purchase,299.0
1041,8,北京,美妆,browse,0.0
1042,10,上海,服饰,cart,0.0
1044,15,广州,图书,purchase,120.0
1045,19,南昌,数码,browse,230.0
1046,20,北京,美妆,cart,88.0
1047,21,上海,服饰,collect,19.9
1049,8,广州,图书,browse,0.0
1050,10,南昌,数码,cart,0.0
1051,12,北京,美妆,collect,0.0
1052,15,上海,服饰,purchase,120.0
1054,20,广州,图书,cart,88.0
1055,21,南昌,数码,collect,19.9
1056,22,北京,美妆,purchase,299.0
1057,8,上海,服饰,browse,0.0
1059,12,广州,图书,collect,0.0
1060,15,南昌,数码,purchase,120.0
1061,19,北京,美妆,browse,230.0
1062,20,上海,服饰,cart,88.0
1064,22,广州,图书,purchase,299.0
1065,8,南昌,数码,browse,0.0
1066,10,北京,美妆,cart,0.0
1067,12,上海,服饰,collect,0.0
1069,19,广州,图书,browse,230.0
1070,20,南昌,数码,cart,88.0
1071,21,北京,美妆,collect,19.9
1072,22,上海,服饰,purchase,299.0
1074,10,广州,图书,cart,0.0
1075,12,南昌,数码,collect,0.0
1076,15,北京,美妆,purchase,120.0
1077,19,上海,服饰,browse,230.0
1079,21,广州,图书,collect,19.9
1080,22,南昌,数码,purchase,299.0
1081,8,北京,美妆,browse,0.0
1082,10,上海,服饰,cart,0.0
1084,15,广州,图书,purchase,120.0
1085,19,南昌,数码,browse,230.0
1086,20,北京,美妆,cart,88.0
1087,21,上海,服饰,collect,19.9
1089,8,广州,图书,browse,0.0
1090,10,南昌,数码,cart,0.0
1091,12,北京,美妆,collect,0.0
1092,15,上海,服饰,purchase,120.0
1094,20,广州,图书,cart,88.0
1095,21,南昌,数码,collect,19.9
1096,22,北京,美妆,purchase,299.0
1097,8,上海,服饰,browse,0.0
1099,12,广州,图书,collect,0.0
1100,15,南昌,数码,purchase,120.0
1101,19,北京,美妆,browse,230.0
1102,20,上海,服饰,cart,88.0
1104,22,广州,图书,purchase,299.0
1105,8,南昌,数码,browse,0.0
1106,10,北京,美妆,cart,0.0
1107,12,上海,服饰,collect,0.0
1109,19,广州,图书,browse,230.0
1110,20,南昌,数码,cart,88.0
1111,21,北京,美妆,collect,19.9
1112,22,上海,服饰,purchase,299.0
1114,10,广州,图书,cart,0.0
1115,12,南昌,数码,collect,0.0
1116,15,北京,美妆,purchase,120.0
1117,19,上海,服饰,browse,230.0
1119,21,广州,图书,collect,19.9
1120,22,南昌,数码,purchase,299.0
1121,8,北京,美妆,browse,0.0
1122,10,上海,服饰,cart,0.0
1124,15,广州,图书,purchase,120.0
1125,19,南昌,数码,browse,230.0
1126,20,北京,美妆,cart,88.0
1127,21,上海,服饰,collect,19.9
1129,8,广州,图书,browse,0.0
1130,10,南昌,数码,cart,0.0
1131,12,北京,美妆,collect,0.0
1132,15,上海,服饰,purchase,120.0
1134,20,广州,图书,cart,88.0
1135,21,南昌,数码,collect,19.9
1136,22,北京,美妆,purchase,299.0
1137,8,上海,服饰,browse,0.0
1139,12,广州,图书,collect,0.0
1140,15,南昌,数码,purchase,120.0
1141,19,北京,美妆,browse,230.0
1142,20,上海,服饰,cart,88.0
1144,22,广州,图书,purchase,299.0
1145,8,南昌,数码,browse,0.0
1146,10,北京,美妆,cart,0.0
1147,12,上海,服饰,collect,0.0
1149,19,广州,图书,browse,230.0
1150,20,南昌,数码,cart,88.0
1151,21,北京,美妆,collect,19.9
1152,22,上海,服饰,purchase,299.0
1154,10,广州,图书,cart,0.0
1155,12,南昌,数码,collect,0.0
1156,15,北京,美妆,purchase,120.0
1157,19,上海,服饰,browse,230.0
1159,21,广州,图书,collect,19.9
1160,22,南昌,数码,purchase,299.0
1161,8,北京,美妆,browse,0.0
1162,10,上海,服饰,cart,0.0
1164,15,广州,图书,purchase,120.0
1165,19,南昌,数码,browse,230.0
1166,20,北京,美妆,cart,88.0
1167,21,上海,服饰,collect,19.9
1169,8,广州,图书,browse,0.0
1170,10,南昌,数码,cart,0.0
1171,12,北京,美妆,collect,0.0
1172,15,上海,服饰,purchase,120.0
1174,20,广州,图书,cart,88.0
1175,21,南昌,数码,collect,19.9
1176,22,北京,美妆,purchase,299.0
1177,8,上海,服饰,browse,0.0
1179,12,广州,图书,collect,0.0
1180,15,南昌,数码,purchase,120.0
1181,19,北京,美妆,browse,230.0
1182,20,上海,服饰,cart,88.0
1184,22,广州,图书,purchase,299.0
1185,8,南昌,数码,browse,0.0
1186,10,北京,美妆,cart,0.0
1187,12,上海,服饰,collect,0.0
1189,19,广州,图书,browse,230.0
1190,20,南昌,数码,cart,88.0
1191,21,北京,美妆,collect,19.9
1192,22,上海,服饰,purchase,299.0
1194,10,广州,图书,cart,0.0
1195,12,南昌,数码,collect,0.0
1196,15,北京,美妆,purchase,120.0
1197,19,上海,服饰,browse,230.0
1199,21,广州,图书,collect,19.9
1200,22,南昌,数码,purchase,299.0
1201,8,北京,美妆,browse,0.0
1202,10,上海,服饰,cart,0.0
1204,15,广州,图书,purchase,120.0
1205,19,南昌,数码,browse,230.0
1206,20,北京,美妆,cart,88.0
1207,21,上海,服饰,collect,19.9
1209,8,广州,图书,browse,0.0
1210,10,南昌,数码,cart,0.0
1211,12,北京,美妆,collect,0.0
1212,15,上海,服饰,purchase,120.0
1214,20,广州,图书,cart,88.0
1215,21,南昌,数码,collect,19.9
1216,22,北京,美妆,purchase,299.0
1217,8,上海,服饰,browse,0.0
1219,12,广州,图书,collect,0.0
1220,15,南昌,数码,purchase,120.0
1221,19,北京,美妆,browse,230.0
1222,20,上海,服饰,cart,88.0
1224,22,广州,图书,purchase,299.0
1225,8,南昌,数码,browse,0.0
1226,10,北京,美妆,cart,0.0
1227,12,上海,服饰,collect,0.0
1229,19,广州,图书,browse,230.0
1230,20,南昌,数码,cart,88.0
1231,21,北京,美妆,collect,19.9
1232,22,上海,服饰,purchase,299.0
1234,10,广州,图书,cart,0.0
1235,12,南昌,数码,collect,0.0
1236,15,北京,美妆,purchase,120.0
1237,19,上海,服饰,browse,230.0
1239,21,广州,图书,collect,19.9
1240,22,南昌,数码,purchase,299.0
1241,8,北京,美妆,browse,0.0
1242,10,上海,服饰,cart,0.0
1244,15,广州,图书,purchase,120.0
1245,19,南昌,数码,browse,230.0
1246,20,北京,美妆,cart,88.0
1247,21,上海,服饰,collect,19.9
1249,8,广州,图书,browse,0.0
1250,10,南昌,数码,cart,0.0
1251,12,北京,美妆,collect,0.0
1252,15,上海,服饰,purchase,120.0
1254,20,广州,图书,cart,88.0
1255,21,南昌,数码,collect,19.9
1256,22,北京,美妆,purchase,299.0
1257,8,上海,服饰,browse,0.0
1259,12,广州,图书,collect,0.0
1260,15,南昌,数码,purchase,120.0
1261,19,北京,美妆,browse,230.0
1262,20,上海,服饰,cart,88.0
1264,22,广州,图书,purchase,299.0
1265,8,南昌,数码,browse,0.0
1266,10,北京,美妆,cart,0.0
1267,12,上海,服饰,collect,0.0
1269,19,广州,图书,browse,230.0
1270,20,南昌,数码,cart,88.0
1271,21,北京,美妆,collect,19.9
1272,22,上海,服饰,purchase,299.0
1274,10,广州,图书,cart,0.0
1275,12,南昌,数码,collect,0.0
1276,15,北京,美妆,purchase,120.0
1277,19,上海,服饰,browse,230.0
1279,21,广州,图书,collect,19.9
1280,22,南昌,数码,purchase,299.0
1281,8,北京,美妆,browse,0.0
1282,10,上海,服饰,cart,0.0
1284,15,广州,图书,purchase,120.0
1285,19,南昌,数码,browse,230.0
1286,20,北京,美妆,cart,88.0
1287,21,上海,服饰,collect,19.9
1289,8,广州,图书,browse,0.0
1290,10,南昌,数码,cart,0.0
1291,12,北京,美妆,collect,0.0
1292,15,上海,服饰,purchase,120.0
1294,20,广州,图书,cart,88.0
1295,21,南昌,数码,collect,19.9
1296,22,北京,美妆,purchase,299.0
1297,8,上海,服饰,browse,0.0
1299,12,广州,图书,collect,0.0
1300,15,南昌,数码,purchase,120.0
1301,19,北京,美妆,browse,230.0
1302,20,上海,服饰,cart,88.0
1304,22,广州,图书,purchase,299.0
1305,8,南昌,数码,browse,0.0
1306,10,北京,美妆,cart,0.0
1307,12,上海,服饰,collect,0.0
1309,19,广州,图书,browse,230.0
1310,20,南昌,数码,cart,88.0
1311,21,北京,美妆,collect,19.9
1312,22,上海,服饰,purchase,299.0
1314,10,广州,图书,cart,0.0
1315,12,南昌,数码,collect,0.0
1316,15,北京,美妆,purchase,120.0
1317,19,上海,服饰,browse,230.0
1319,21,广州,图书,collect,19.9
1320,22,南昌,数码,purchase,299.0
1321,8,北京,美妆,browse,0.0
1322,10,上海,服饰,cart,0.0
1324,15,广州,图书,purchase,120.0
1325,19,南昌,数码,browse,230.0
1326,20,北京,美妆,cart,88.0
1327,21,上海,服饰,collect,19.9
1329,8,广州,图书,browse,0.0
1330,10,南昌,数码,cart,0.0
1331,12,北京,美妆,collect,0.0
1332,15,上海,服饰,purchase,120.0
1334,20,广州,图书,cart,88.0
1335,21,南昌,数码,collect,19.9
1336,22,北京,美妆,purchase,299.0
1337,8,上海,服饰,browse,0.0
1339,12,广州,图书,collect,0.0
1340,15,南昌,数码,purchase,120.0
1341,19,北京,美妆,browse,230.0
1342,20,上海,服饰,cart,88.0
1344,22,广州,图书,purchase,299.0
1345,8,南昌,数码,browse,0.0
1346,10,北京,美妆,cart,0.0
1347,12,上海,服饰,collect,0.0
1349,19,广州,图书,browse,230.0
1350,20,南昌,数码,cart,88.0
1351,21,北京,美妆,collect,19.9
1352,22,上海,服饰,purchase,299.0
1354,10,广州,图书,cart,0.0
1355,12,南昌,数码,collect,0.0
1356,15,北京,美妆,purchase,120.0
1357,19,上海,服饰,browse,230.0
1359,21,广州,图书,collect,19.9
1360,22,南昌,数码,purchase,299.0
1361,8,北京,美妆,browse,0.0
1362,10,上海,服饰,cart,0.0
1364,15,广州,图书,purchase,120.0
1365,19,南昌,数码,browse,230.0
1366,20,北京,美妆,cart,88.0
1367,21,上海,服饰,collect,19.9
1369,8,广州,图书,browse,0.0
1370,10,南昌,数码,cart,0.0
1371,12,北京,美妆,collect,0.0
1372,15,上海,服饰,purchase,120.0
1374,20,广州,图书,cart,88.0
1375,21,南昌,数码,collect,19.9
1376,22,北京,美妆,purchase,299.0
1377,8,上海,服饰,browse,0.0
1379,12,广州,图书,collect,0.0
1380,15,南昌,数码,purchase,120.0
1381,19,北京,美妆,browse,230.0
1382,20,上海,服饰,cart,88.0
1384,22,广州,图书,purchase,299.0
1385,8,南昌,数码,browse,0.0
1386,10,北京,美妆,cart,0.0
1387,12,上海,服饰,collect,0.0
1389,19,广州,图书,browse,230.0
1390,20,南昌,数码,cart,88.0
1391,21,北京,美妆,collect,19.9
1392,22,上海,服饰,purchase,299.0
1394,10,广州,图书,cart,0.0
1395,12,南昌,数码,collect,0.0
1396,15,北京,美妆,purchase,120.0
1397,19,上海,服饰,browse,230.0
1399,21,广州,图书,collect,19.9
1400,22,南昌,数码,purchase,299.0
1401,8,北京,美妆,browse,0.0
1402,10,上海,服饰,cart,0.0
1404,15,广州,图书,purchase,120.0
1405,19,南昌,数码,browse,230.0
1406,20,北京,美妆,cart,88.0
1407,21,上海,服饰,collect,19.9
1409,8,广州,图书,browse,0.0
1410,10,南昌,数码,cart,0.0
1411,12,北京,美妆,collect,0.0
1412,15,上海,服饰,purchase,120.0
1414,20,广州,图书,cart,88.0
1415,21,南昌,数码,collect,19.9
1416,22,北京,美妆,purchase,299.0
1417,8,上海,服饰,browse,0.0
1419,12,广州,图书,collect,0.0
1420,15,南昌,数码,purchase,120.0
1421,19,北京,美妆,browse,230.0
1422,20,上海,服饰,cart,88.0
1424,22,广州,图书,purchase,299.0
1425,8,南昌,数码,browse,0.0
1426,10,北京,美妆,cart,0.0
1427,12,上海,服饰,collect,0.0
1429,19,广州,图书,browse,230.0
1430,20,南昌,数码,cart,88.0
1431,21,北京,美妆,collect,19.9
1432,22,上海,服饰,purchase,299.0
1434,10,广州,图书,cart,0.0
1435,12,南昌,数码,collect,0.0
1436,15,北京,美妆,purchase,120.0
1437,19,上海,服饰,browse,230.0
1439,21,广州,图书,collect,19.9
1440,22,南昌,数码,purchase,299.0
1441,8,北京,美妆,browse,0.0
1442,10,上海,服饰,cart,0.0
1444,15,广州,图书,purchase,120.0
1445,19,南昌,数码,browse,230.0
1446,20,北京,美妆,cart,88.0
1447,21,上海,服饰,collect,19.9
1449,8,广州,图书,browse,0.0
1450,10,南昌,数码,cart,0.0
1451,12,北京,美妆,collect,0.0
1452,15,上海,服饰,purchase,120.0
1454,20,广州,图书,cart,88.0
1455,21,南昌,数码,collect,19.9
1456,22,北京,美妆,purchase,299.0
1457,8,上海,服饰,browse,0.0
1459,12,广州,图书,collect,0.0
1460,15,南昌,数码,purchase,120.0
1461,19,北京,美妆,browse,230.0
1462,20,上海,服饰,cart,88.0
1464,22,广州,图书,purchase,299.0
1465,8,南昌,数码,browse,0.0
1466,10,北京,美妆,cart,0.0
1467,12,上海,服饰,collect,0.0
1469,19,广州,图书,browse,230.0
1470,20,南昌,数码,cart,88.0
1471,21,北京,美妆,collect,19.9
1472,22,上海,服饰,purchase,299.0
1474,10,广州,图书,cart,0.0
1475,12,南昌,数码,collect,0.0
1476,15,北京,美妆,purchase,120.0
1477,19,上海,服饰,browse,230.0
1479,21,广州,图书,collect,19.9
1480,22,南昌,数码,purchase,299.0
1481,8,北京,美妆,browse,0.0
1482,10,上海,服饰,cart,0.0
1484,15,广州,图书,purchase,120.0
1485,19,南昌,数码,browse,230.0
1486,20,北京,美妆,cart,88.0
1487,21,上海,服饰,collect,19.9
1489,8,广州,图书,browse,0.0
1490,10,南昌,数码,cart,0.0
1491,12,北京,美妆,collect,0.0
1492,15,上海,服饰,purchase,120.0
1494,20,广州,图书,cart,88.0
1495,21,南昌,数码,collect,19.9
1496,22,北京,美妆,purchase,299.0
1497,8,上海,服饰,browse,0.0
1499,12,广州,图书,collect,0.0
1500,15,南昌,数码,purchase,120.0
1501,19,北京,美妆,browse,230.0
1502,20,上海,服饰,cart,88.0
1504,22,广州,图书,purchase,299.0
1505,8,南昌,数码,browse,0.0
1506,10,北京,美妆,cart,0.0
1507,12,上海,服饰,collect,0.0
1509,19,广州,图书,browse,230.0
1510,20,南昌,数码,cart,88.0
1511,21,北京,美妆,collect,19.9
1512,22,上海,服饰,purchase,299.0
1514,10,广州,图书,cart,0.0
1515,12,南昌,数码,collect,0.0
1516,15,北京,美妆,purchase,120.0
1517,19,上海,服饰,browse,230.0
1519,21,广州,图书,collect,19.9
1520,22,南昌,数码,purchase,299.0
1521,8,北京,美妆,browse,0.0
1522,10,上海,服饰,cart,0.0
1524,15,广州,图书,purchase,120.0
1525,19,南昌,数码,browse,230.0
1526,20,北京,美妆,cart,88.0
1527,21,上海,服饰,collect,19.9
1529,8,广州,图书,browse,0.0
1530,10,南昌,数码,cart,0.0
1531,12,北京,美妆,collect,0.0
1532,15,上海,服饰,purchase,120.0
1534,20,广州,图书,cart,88.0
1535,21,南昌,数码,collect,19.9
1536,22,北京,美妆,purchase,299.0
1537,8,上海,服饰,browse,0.0
1539,12,广州,图书,collect,0.0
1540,15,南昌,数码,purchase,120.0
1541,19,北京,美妆,browse,230.0
1542,20,上海,服饰,cart,88.0
1544,22,广州,图书,purchase,299.0
1545,8,南昌,数码,browse,0.0
1546,10,北京,美妆,cart,0.0
1547,12,上海,服饰,collect,0.0
1549,19,广州,图书,browse,230.0
1550,20,南昌,数码,cart,88.0
1551,21,北京,美妆,collect,19.9
1552,22,上海,服饰,purchase,299.0
1554,10,广州,图书,cart,0.0
1555,12,南昌,数码,collect,0.0
1556,15,北京,美妆,purchase,120.0
1557,19,上海,服饰,browse,230.0
1559,21,广州,图书,collect,19.9
1560,22,南昌,数码,purchase,299.0
1561,8,北京,美妆,browse,0.0
1562,10,上海,服饰,cart,0.0
1564,15,广州,图书,purchase,120.0
1565,19,南昌,数码,browse,230.0
1566,20,北京,美妆,cart,88.0
1567,21,上海,服饰,collect,19.9
1569,8,广州,图书,browse,0.0
1570,10,南昌,数码,cart,0.0
1571,12,北京,美妆,collect,0.0
1572,15,上海,服饰,purchase,120.0
1574,20,广州,图书,cart,88.0
1575,21,南昌,数码,collect,19.9
1576,22,北京,美妆,purchase,299.0
1577,8,上海,服饰,browse,0.0
1579,12,广州,图书,collect,0.0
1580,15,南昌,数码,purchase,120.0
1581,19,北京,美妆,browse,230.0
1582,20,上海,服饰,cart,88.0
1584,22,广州,图书,purchase,299.0
1585,8,南昌,数码,browse,0.0
1586,10,北京,美妆,cart,0.0
1587,12,上海,服饰,collect,0.0
1589,19,广州,图书,browse,230.0
1590,20,南昌,数码,cart,88.0
1591,21,北京,美妆,collect,19.9
1592,22,上海,服饰,purchase,299.0
1594,10,广州,图书,cart,0.0
1595,12,南昌,数码,collect,0.0
1596,15,北京,美妆,purchase,120.0
1597,19,上海,服饰,browse,230.0
1599,21,广州,图书,collect,19.9
1600,22,南昌,数码,purchase,299.0
1601,8,北京,美妆,browse,0.0
1602,10,上海,服饰,cart,0.0
1604,15,广州,图书,purchase,120.0
1605,19,南昌,数码,browse,230.0
1606,20,北京,美妆,cart,88.0
1607,21,上海,服饰,collect,19.9
1609,8,广州,图书,browse,0.0
1610,10,南昌,数码,cart,0.0
1611,12,北京,美妆,collect,0.0
1612,15,上海,服饰,purchase,120.0
1614,20,广州,图书,cart,88.0
1615,21,南昌,数码,collect,19.9
1616,22,北京,美妆,purchase,299.0
1617,8,上海,服饰,browse,0.0
1619,12,广州,图书,collect,0.0
1620,15,南昌,数码,purchase,120.0
1621,19,北京,美妆,browse,230.0
1622,20,上海,服饰,cart,88.0
1624,22,广州,图书,purchase,299.0
1625,8,南昌,数码,browse,0.0
1626,10,北京,美妆,cart,0.0
1627,12,上海,服饰,collect,0.0
1629,19,广州,图书,browse,230.0
1630,20,南昌,数码,cart,88.0
1631,21,北京,美妆,collect,19.9
1632,22,上海,服饰,purchase,299.0
1634,10,广州,图书,cart,0.0
1635,12,南昌,数码,collect,0.0
1636,15,北京,美妆,purchase,120.0
1637,19,上海,服饰,browse,230.0
1639,21,广州,图书,collect,19.9
1640,22,南昌,数码,purchase,299.0
1641,8,北京,美妆,browse,0.0
1642,10,上海,服饰,cart,0.0
1644,15,广州,图书,purchase,120.0
1645,19,南昌,数码,browse,230.0
1646,20,北京,美妆,cart,88.0
1647,21,上海,服饰,collect,19.9
1649,8,广州,图书,browse,0.0
1650,10,南昌,数码,cart,0.0
1651,12,北京,美妆,collect,0.0
1652,15,上海,服饰,purchase,120.0
1654,20,广州,图书,cart,88.0
1655,21,南昌,数码,collect,19.9
1656,22,北京,美妆,purchase,299.0
1657,8,上海,服饰,browse,0.0
1659,12,广州,图书,collect,0.0
1660,15,南昌,数码,purchase,120.0
1661,19,北京,美妆,browse,230.0
1662,20,上海,服饰,cart,88.0
1664,22,广州,图书,purchase,299.0
1665,8,南昌,数码,browse,0.0
1666,10,北京,美妆,cart,0.0
1667,12,上海,服饰,collect,0.0
1669,19,广州,图书,browse,230.0
1670,20,南昌,数码,cart,88.0
1671,21,北京,美妆,collect,19.9
1672,22,上海,服饰,purchase,299.0
1674,10,广州,图书,cart,0.0
1675,12,南昌,数码,collect,0.0
1676,15,北京,美妆,purchase,120.0
1677,19,上海,服饰,browse,230.0
1679,21,广州,图书,collect,19.9
1680,22,南昌,数码,purchase,299.0
1681,8,北京,美妆,browse,0.0
1682,10,上海,服饰,cart,0.0
1684,15,广州,图书,purchase,120.0
1685,19,南昌,数码,browse,230.0
1686,20,北京,美妆,cart,88.0
1687,21,上海,服饰,collect,19.9
1689,8,广州,图书,browse,0.0
1690,10,南昌,数码,cart,0.0
1691,12,北京,美妆,collect,0.0
1692,15,上海,服饰,purchase,120.0
1694,20,广州,图书,cart,88.0
1695,21,南昌,数码,collect,19.9
1696,22,北京,美妆,purchase,299.0
1697,8,上海,服饰,browse,0.0
1699,12,广州,图书,collect,0.0
1700,15,南昌,数码,purchase,120.0
1701,19,北京,美妆,browse,230.0
1702,20,上海,服饰,cart,88.0
1704,22,广州,图书,purchase,299.0
1705,8,南昌,数码,browse,0.0
1706,10,北京,美妆,cart,0.0
1707,12,上海,服饰,collect,0.0
1709,19,广州,图书,browse,230.0
1710,20,南昌,数码,cart,88.0
1711,21,北京,美妆,collect,19.9
1712,22,上海,服饰,purchase,299.0
1714,10,广州,图书,cart,0.0
1715,12,南昌,数码,collect,0.0
1716,15,北京,美妆,purchase,120.0
1717,19,上海,服饰,browse,230.0
1719,21,广州,图书,collect,19.9
1720,22,南昌,数码,purchase,299.0
1721,8,北京,美妆,browse,0.0
1722,10,上海,服饰,cart,0.0
1724,15,广州,图书,purchase,120.0
1725,19,南昌,数码,browse,230.0
1726,20,北京,美妆,cart,88.0
1727,21,上海,服饰,collect,19.9
1729,8,广州,图书,browse,0.0
1730,10,南昌,数码,cart,0.0
1731,12,北京,美妆,collect,0.0
1732,15,上海,服饰,purchase,120.0
1734,20,广州,图书,cart,88.0
1735,21,南昌,数码,collect,19.9
1736,22,北京,美妆,purchase,299.0
1737,8,上海,服饰,browse,0.0
1739,12,广州,图书,collect,0.0
1740,15,南昌,数码,purchase,120.0
1741,19,北京,美妆,browse,230.0
1742,20,上海,服饰,cart,88.0
1744,22,广州,图书,purchase,299.0
1745,8,南昌,数码,browse,0.0
1746,10,北京,美妆,cart,0.0
1747,12,上海,服饰,collect,0.0
1749,19,广州,图书,browse,230.0
1750,20,南昌,数码,cart,88.0
1751,21,北京,美妆,collect,19.9
1752,22,上海,服饰,purchase,299.0
1754,10,广州,图书,cart,0.0
1755,12,南昌,数码,collect,0.0
1756,15,北京,美妆,purchase,120.0
1757,19,上海,服饰,browse,230.0
1759,21,广州,图书,collect,19.9
1760,22,南昌,数码,purchase,299.0
1761,8,北京,美妆,browse,0.0
1762,10,上海,服饰,cart,0.0
1764,15,广州,图书,purchase,120.0
1765,19,南昌,数码,browse,230.0
1766,20,北京,美妆,cart,88.0
1767,21,上海,服饰,collect,19.9
1769,8,广州,图书,browse,0.0
1770,10,南昌,数码,cart,0.0
1771,12,北京,美妆,collect,0.0
1772,15,上海,服饰,purchase,120.0
1774,20,广州,图书,cart,88.0
1775,21,南昌,数码,collect,19.9
1776,22,北京,美妆,purchase,299.0
1777,8,上海,服饰,browse,0.0
1779,12,广州,图书,collect,0.0
1780,15,南昌,数码,purchase,120.0
1781,19,北京,美妆,browse,230.0
1782,20,上海,服饰,cart,88.0
1784,22,广州,图书,purchase,299.0
1785,8,南昌,数码,browse,0.0
1786,10,北京,美妆,cart,0.0
1787,12,上海,服饰,collect,0.0
1789,19,广州,图书,browse,230.0
1790,20,南昌,数码,cart,88.0
1791,21,北京,美妆,collect,19.9
1792,22,上海,服饰,purchase,299.0
1794,10,广州,图书,cart,0.0
1795,12,南昌,数码,collect,0.0
1796,15,北京,美妆,purchase,120.0
1797,19,上海,服饰,browse,230.0
1799,21,广州,图书,collect,19.9
1800,22,南昌,数码,purchase,299.0
1801,8,北京,美妆,browse,0.0
1802,10,上海,服饰,cart,0.0
1804,15,广州,图书,purchase,120.0
1805,19,南昌,数码,browse,230.0
1806,20,北京,美妆,cart,88.0
1807,21,上海,服饰,collect,19.9
1809,8,广州,图书,browse,0.0
1810,10,南昌,数码,cart,0.0
1811,12,北京,美妆,collect,0.0
1812,15,上海,服饰,purchase,120.0
1814,20,广州,图书,cart,88.0
1815,21,南昌,数码,collect,19.9
1816,22,北京,美妆,purchase,299.0
1817,8,上海,服饰,browse,0.0
1819,12,广州,图书,collect,0.0
1820,15,南昌,数码,purchase,120.0
1821,19,北京,美妆,browse,230.0
1822,20,上海,服饰,cart,88.0
1824,22,广州,图书,purchase,299.0
1825,8,南昌,数码,browse,0.0
1826,10,北京,美妆,cart,0.0
1827,12,上海,服饰,collect,0.0
1829,19,广州,图书,browse,230.0
1830,20,南昌,数码,cart,88.0
1831,21,北京,美妆,collect,19.9
1832,22,上海,服饰,purchase,299.0
1834,10,广州,图书,cart,0.0
1835,12,南昌,数码,collect,0.0
1836,15,北京,美妆,purchase,120.0
1837,19,上海,服饰,browse,230.0
1839,21,广州,图书,collect,19.9
1840,22,南昌,数码,purchase,299.0
1841,8,北京,美妆,browse,0.0
1842,10,上海,服饰,cart,0.0
1844,15,广州,图书,purchase,120.0
1845,19,南昌,数码,browse,230.0
1846,20,北京,美妆,cart,88.0
1847,21,上海,服饰,collect,19.9
1849,8,广州,图书,browse,0.0
1850,10,南昌,数码,cart,0.0
1851,12,北京,美妆,collect,0.0
1852,15,上海,服饰,purchase,120.0
1854,20,广州,图书,cart,88.0
1855,21,南昌,数码,collect,19.9
1856,22,北京,美妆,purchase,299.0
1857,8,上海,服饰,browse,0.0
1859,12,广州,图书,collect,0.0
1860,15,南昌,数码,purchase,120.0
1861,19,北京,美妆,browse,230.0
1862,20,上海,服饰,cart,88.0
1864,22,广州,图书,purchase,299.0
1865,8,南昌,数码,browse,0.0
1866,10,北京,美妆,cart,0.0
1867,12,上海,服饰,collect,0.0
1869,19,广州,图书,browse,230.0
1870,20,南昌,数码,cart,88.0
1871,21,北京,美妆,collect,19.9
1872,22,上海,服饰,purchase,299.0
1874,10,广州,图书,cart,0.0
1875,12,南昌,数码,collect,0.0
1876,15,北京,美妆,purchase,120.0
1877,19,上海,服饰,browse,230.0
1879,21,广州,图书,collect,19.9
1880,22,南昌,数码,purchase,299.0
1881,8,北京,美妆,browse,0.0
1882,10,上海,服饰,cart,0.0
1884,15,广州,图书,purchase,120.0
1885,19,南昌,数码,browse,230.0
1886,20,北京,美妆,cart,88.0
1887,21,上海,服饰,collect,19.9
1889,8,广州,图书,browse,0.0
1890,10,南昌,数码,cart,0.0
1891,12,北京,美妆,collect,0.0
1892,15,上海,服饰,purchase,120.0
1894,20,广州,图书,cart,88.0
1895,21,南昌,数码,collect,19.9
1896,22,北京,美妆,purchase,299.0
1897,8,上海,服饰,browse,0.0
1899,12,广州,图书,collect,0.0
1900,15,南昌,数码,purchase,120.0
1901,19,北京,美妆,browse,230.0
1902,20,上海,服饰,cart,88.0
1904,22,广州,图书,purchase,299.0
1905,8,南昌,数码,browse,0.0
1906,10,北京,美妆,cart,0.0
1907,12,上海,服饰,collect,0.0
1909,19,广州,图书,browse,230.0
1910,20,南昌,数码,cart,88.0
1911,21,北京,美妆,collect,19.9
1912,22,上海,服饰,purchase,299.0
1914,10,广州,图书,cart,0.0
1915,12,南昌,数码,collect,0.0
1916,15,北京,美妆,purchase,120.0
1917,19,上海,服饰,browse,230.0
1919,21,广州,图书,collect,19.9
1920,22,南昌,数码,purchase,299.0
1921,8,北京,美妆,browse,0.0
1922,10,上海,服饰,cart,0.0
1924,15,广州,图书,purchase,120.0
1925,19,南昌,数码,browse,230.0
1926,20,北京,美妆,cart,88.0
1927,21,上海,服饰,collect,19.9
1929,8,广州,图书,browse,0.0
1930,10,南昌,数码,cart,0.0
1931,12,北京,美妆,collect,0.0
1932,15,上海,服饰,purchase,120.0
1934,20,广州,图书,cart,88.0
1935,21,南昌,数码,collect,19.9
1936,22,北京,美妆,purchase,299.0
1937,8,上海,服饰,browse,0.0
1939,12,广州,图书,collect,0.0
1940,15,南昌,数码,purchase,120.0
1941,19,北京,美妆,browse,230.0
1942,20,上海,服饰,cart,88.0
1944,22,广州,图书,purchase,299.0
1945,8,南昌,数码,browse,0.0
1946,10,北京,美妆,cart,0.0
1947,12,上海,服饰,collect,0.0
1949,19,广州,图书,browse,230.0
1950,20,南昌,数码,cart,88.0
1951,21,北京,美妆,collect,19.9
1952,22,上海,服饰,purchase,299.0
1954,10,广州,图书,cart,0.0
1955,12,南昌,数码,collect,0.0
1956,15,北京,美妆,purchase,120.0
1957,19,上海,服饰,browse,230.0
1959,21,广州,图书,collect,19.9
1960,22,南昌,数码,purchase,299.0
1961,8,北京,美妆,browse,0.0
1962,10,上海,服饰,cart,0.0
1964,15,广州,图书,purchase,120.0
1965,19,南昌,数码,browse,230.0
1966,20,北京,美妆,cart,88.0
1967,21,上海,服饰,collect,19.9
1969,8,广州,图书,browse,0.0
1970,10,南昌,数码,cart,0.0
1971,12,北京,美妆,collect,0.0
1972,15,上海,服饰,purchase,120.0
1974,20,广州,图书,cart,88.0
1975,21,南昌,数码,collect,19.9
1976,22,北京,美妆,purchase,299.0
1977,8,上海,服饰,browse,0.0
1979,12,广州,图书,collect,0.0
1980,15,南昌,数码,purchase,120.0
1981,19,北京,美妆,browse,230.0
1982,20,上海,服饰,cart,88.0
1984,22,广州,图书,purchase,299.0
1985,8,南昌,数码,browse,0.0
1986,10,北京,美妆,cart,0.0
1987,12,上海,服饰,collect,0.0
1989,19,广州,图书,browse,230.0
1990,20,南昌,数码,cart,88.0
1991,21,北京,美妆,collect,19.9
1992,22,上海,服饰,purchase,299.0
1994,10,广州,图书,cart,0.0
1995,12,南昌,数码,collect,0.0
1996,15,北京,美妆,purchase,120.0
1997,19,上海,服饰,browse,230.0
1999,21,广州,图书,collect,19.9
2000,22,南昌,数码,purchase,299.0
2001,8,北京,美妆,browse,0.0
2002,10,上海,服饰,cart,0.0
2004,15,广州,图书,purchase,120.0
2005,19,南昌,数码,browse,230.0
2006,20,北京,美妆,cart,88.0
2007,21,上海,服饰,collect,19.9
2009,8,广州,图书,browse,0.0
2010,10,南昌,数码,cart,0.0
2011,12,北京,美妆,collect,0.0
2012,15,上海,服饰,purchase,120.0
2014,20,广州,图书,cart,88.0
2015,21,南昌,数码,collect,19.9
2016,22,北京,美妆,purchase,299.0
2017,8,上海,服饰,browse,0.0
2019,12,广州,图书,collect,0.0
2020,15,南昌,数码,purchase,120.0
2021,19,北京,美妆,browse,230.0
2022,20,上海,服饰,cart,88.0
2024,22,广州,图书,purchase,299.0
2025,8,南昌,数码,browse,0.0
2026,10,北京,美妆,cart,0.0
2027,12,上海,服饰,collect,0.0
2029,19,广州,图书,browse,230.0
2030,20,南昌,数码,cart,88.0
2031,21,北京,美妆,collect,19.9
2032,22,上海,服饰,purchase,299.0
2034,10,广州,图书,cart,0.0
2035,12,南昌,数码,collect,0.0
2036,15,北京,美妆,purchase,120.0
2037,19,上海,服饰,browse,230.0
2039,21,广州,图书,collect,19.9
2040,22,南昌,数码,purchase,299.0
2041,8,北京,美妆,browse,0.0
2042,10,上海,服饰,cart,0.0
2044,15,广州,图书,purchase,120.0
2045,19,南昌,数码,browse,230.0
2046,20,北京,美妆,cart,88.0
2047,21,上海,服饰,collect,19.9
2049,8,广州,图书,browse,0.0
2050,10,南昌,数码,cart,0.0
2051,12,北京,美妆,collect,0.0
2052,15,上海,服饰,purchase,120.0
2054,20,广州,图书,cart,88.0
2055,21,南昌,数码,collect,19.9
2056,22,北京,美妆,purchase,299.0
2057,8,上海,服饰,browse,0.0
2059,12,广州,图书,collect,0.0
2060,15,南昌,数码,purchase,120.0
2061,19,北京,美妆,browse,230.0
2062,20,上海,服饰,cart,88.0
2064,22,广州,图书,purchase,299.0
2065,8,南昌,数码,browse,0.0
2066,10,北京,美妆,cart,0.0
2067,12,上海,服饰,collect,0.0
2069,19,广州,图书,browse,230.0
2070,20,南昌,数码,cart,88.0
2071,21,北京,美妆,collect,19.9
2072,22,上海,服饰,purchase,299.0
2074,10,广州,图书,cart,0.0
2075,12,南昌,数码,collect,0.0
2076,15,北京,美妆,purchase,120.0
2077,19,上海,服饰,browse,230.0
2079,21,广州,图书,collect,19.9
2080,22,南昌,数码,purchase,299.0
2081,8,北京,美妆,browse,0.0
2082,10,上海,服饰,cart,0.0
2084,15,广州,图书,purchase,120.0
2085,19,南昌,数码,browse,230.0
2086,20,北京,美妆,cart,88.0
2087,21,上海,服饰,collect,19.9
2089,8,广州,图书,browse,0.0
2090,10,南昌,数码,cart,0.0
2091,12,北京,美妆,collect,0.0
2092,15,上海,服饰,purchase,120.0
2094,20,广州,图书,cart,88.0
2095,21,南昌,数码,collect,19.9
2096,22,北京,美妆,purchase,299.0
2097,8,上海,服饰,browse,0.0
2099,12,广州,图书,collect,0.0
2100,15,南昌,数码,purchase,120.0
2101,19,北京,美妆,browse,230.0
2102,20,上海,服饰,cart,88.0
2104,22,广州,图书,purchase,299.0
2105,8,南昌,数码,browse,0.0
2106,10,北京,美妆,cart,0.0
2107,12,上海,服饰,collect,0.0
2109,19,广州,图书,browse,230.0
2110,20,南昌,数码,cart,88.0
2111,21,北京,美妆,collect,19.9
2112,22,上海,服饰,purchase,299.0
2114,10,广州,图书,cart,0.0
2115,12,南昌,数码,collect,0.0
2116,15,北京,美妆,purchase,120.0
2117,19,上海,服饰,browse,230.0
2119,21,广州,图书,collect,19.9
2120,22,南昌,数码,purchase,299.0
2121,8,北京,美妆,browse,0.0
2122,10,上海,服饰,cart,0.0
2124,15,广州,图书,purchase,120.0
2125,19,南昌,数码,browse,230.0
2126,20,北京,美妆,cart,88.0
2127,21,上海,服饰,collect,19.9
2129,8,广州,图书,browse,0.0
2130,10,南昌,数码,cart,0.0
2131,12,北京,美妆,collect,0.0
2132,15,上海,服饰,purchase,120.0
2134,20,广州,图书,cart,88.0
2135,21,南昌,数码,collect,19.9
2136,22,北京,美妆,purchase,299.0
2137,8,上海,服饰,browse,0.0
2139,12,广州,图书,collect,0.0
2140,15,南昌,数码,purchase,120.0
2141,19,北京,美妆,browse,230.0
2142,20,上海,服饰,cart,88.0
2144,22,广州,图书,purchase,299.0
2145,8,南昌,数码,browse,0.0
2146,10,北京,美妆,cart,0.0
2147,12,上海,服饰,collect,0.0
2149,19,广州,图书,browse,230.0
2150,20,南昌,数码,cart,88.0
2151,21,北京,美妆,collect,19.9
2152,22,上海,服饰,purchase,299.0
2154,10,广州,图书,cart,0.0
2155,12,南昌,数码,collect,0.0
2156,15,北京,美妆,purchase,120.0
2157,19,上海,服饰,browse,230.0
2159,21,广州,图书,collect,19.9
2160,22,南昌,数码,purchase,299.0
2161,8,北京,美妆,browse,0.0
2162,10,上海,服饰,cart,0.0
2164,15,广州,图书,purchase,120.0
2165,19,南昌,数码,browse,230.0
2166,20,北京,美妆,cart,88.0
2167,21,上海,服饰,collect,19.9
2169,8,广州,图书,browse,0.0
2170,10,南昌,数码,cart,0.0
2171,12,北京,美妆,collect,0.0
2172,15,上海,服饰,purchase,120.0
2174,20,广州,图书,cart,88.0
2175,21,南昌,数码,collect,19.9
2176,22,北京,美妆,purchase,299.0
2177,8,上海,服饰,browse,0.0
2179,12,广州,图书,collect,0.0
2180,15,南昌,数码,purchase,120.0
2181,19,北京,美妆,browse,230.0
2182,20,上海,服饰,cart,88.0
2184,22,广州,图书,purchase,299.0
2185,8,南昌,数码,browse,0.0
2186,10,北京,美妆,cart,0.0
2187,12,上海,服饰,collect,0.0
2189,19,广州,图书,browse,230.0
2190,20,南昌,数码,cart,88.0
2191,21,北京,美妆,collect,19.9
2192,22,上海,服饰,purchase,299.0
2194,10,广州,图书,cart,0.0
2195,12,南昌,数码,collect,0.0
2196,15,北京,美妆,purchase,120.0
2197,19,上海,服饰,browse,230.0
2199,21,广州,图书,collect,19.9
2200,22,南昌,数码,purchase,299.0
2201,8,北京,美妆,browse,0.0
2202,10,上海,服饰,cart,0.0
2204,15,广州,图书,purchase,120.0
2205,19,南昌,数码,browse,230.0
2206,20,北京,美妆,cart,88.0
2207,21,上海,服饰,collect,19.9
2209,8,广州,图书,browse,0.0
2210,10,南昌,数码,cart,0.0
2211,12,北京,美妆,collect,0.0
2212,15,上海,服饰,purchase,120.0
2214,20,广州,图书,cart,88.0
2215,21,南昌,数码,collect,19.9
2216,22,北京,美妆,purchase,299.0
2217,8,上海,服饰,browse,0.0
2219,12,广州,图书,collect,0.0
2220,15,南昌,数码,purchase,120.0
2221,19,北京,美妆,browse,230.0
2222,20,上海,服饰,cart,88.0
2224,22,广州,图书,purchase,299.0
2225,8,南昌,数码,browse,0.0
2226,10,北京,美妆,cart,0.0
2227,12,上海,服饰,collect,0.0
2229,19,广州,图书,browse,230.0
2230,20,南昌,数码,cart,88.0
2231,21,北京,美妆,collect,19.9
2232,22,上海,服饰,purchase,299.0
2234,10,广州,图书,cart,0.0
2235,12,南昌,数码,collect,0.0
2236,15,北京,美妆,purchase,120.0
2237,19,上海,服饰,browse,230.0
2239,21,广州,图书,collect,19.9
2240,22,南昌,数码,purchase,299.0
2241,8,北京,美妆,browse,0.0
2242,10,上海,服饰,cart,0.0
2244,15,广州,图书,purchase,120.0
2245,19,南昌,数码,browse,230.0
2246,20,北京,美妆,cart,88.0
2247,21,上海,服饰,collect,19.9
2249,8,广州,图书,browse,0.0
2250,10,南昌,数码,cart,0.0
2251,12,北京,美妆,collect,0.0
2252,15,上海,服饰,purchase,120.0
2254,20,广州,图书,cart,88.0
2255,21,南昌,数码,collect,19.9
2256,22,北京,美妆,purchase,299.0
2257,8,上海,服饰,browse,0.0
2259,12,广州,图书,collect,0.0
2260,15,南昌,数码,purchase,120.0
2261,19,北京,美妆,browse,230.0
2262,20,上海,服饰,cart,88.0
2264,22,广州,图书,purchase,299.0
2265,8,南昌,数码,browse,0.0
2266,10,北京,美妆,cart,0.0
2267,12,上海,服饰,collect,0.0
2269,19,广州,图书,browse,230.0
2270,20,南昌,数码,cart,88.0
2271,21,北京,美妆,collect,19.9
2272,22,上海,服饰,purchase,299.0
2274,10,广州,图书,cart,0.0
2275,12,南昌,数码,collect,0.0
2276,15,北京,美妆,purchase,120.0
2277,19,上海,服饰,browse,230.0
2279,21,广州,图书,collect,19.9
2280,22,南昌,数码,purchase,299.0
2281,8,北京,美妆,browse,0.0
2282,10,上海,服饰,cart,0.0
2284,15,广州,图书,purchase,120.0
2285,19,南昌,数码,browse,230.0
2286,20,北京,美妆,cart,88.0
2287,21,上海,服饰,collect,19.9
2289,8,广州,图书,browse,0.0
2290,10,南昌,数码,cart,0.0
2291,12,北京,美妆,collect,0.0
2292,15,上海,服饰,purchase,120.0
2294,20,广州,图书,cart,88.0
2295,21,南昌,数码,collect,19.9
2296,22,北京,美妆,purchase,299.0
2297,8,上海,服饰,browse,0.0
2299,12,广州,图书,collect,0.0
2300,15,南昌,数码,purchase,120.0
2301,19,北京,美妆,browse,230.0
2302,20,上海,服饰,cart,88.0
2304,22,广州,图书,purchase,299.0
2305,8,南昌,数码,browse,0.0
2306,10,北京,美妆,cart,0.0
2307,12,上海,服饰,collect,0.0
2309,19,广州,图书,browse,230.0
2310,20,南昌,数码,cart,88.0
2311,21,北京,美妆,collect,19.9
2312,22,上海,服饰,purchase,299.0
2314,10,广州,图书,cart,0.0
2315,12,南昌,数码,collect,0.0
2316,15,北京,美妆,purchase,120.0
2317,19,上海,服饰,browse,230.0
2319,21,广州,图书,collect,19.9
2320,22,南昌,数码,purchase,299.0
2321,8,北京,美妆,browse,0.0
2322,10,上海,服饰,cart,0.0
2324,15,广州,图书,purchase,120.0
2325,19,南昌,数码,browse,230.0
2326,20,北京,美妆,cart,88.0
2327,21,上海,服饰,collect,19.9
2329,8,广州,图书,browse,0.0
2330,10,南昌,数码,cart,0.0
2331,12,北京,美妆,collect,0.0
2332,15,上海,服饰,purchase,120.0
2334,20,广州,图书,cart,88.0
2335,21,南昌,数码,collect,19.9
2336,22,北京,美妆,purchase,299.0
2337,8,上海,服饰,browse,0.0
2339,12,广州,图书,collect,0.0
2340,15,南昌,数码,purchase,120.0
2341,19,北京,美妆,browse,230.0
2342,20,上海,服饰,cart,88.0
2344,22,广州,图书,purchase,299.0
2345,8,南昌,数码,browse,0.0
2346,10,北京,美妆,cart,0.0
2347,12,上海,服饰,collect,0.0
2349,19,广州,图书,browse,230.0
2350,20,南昌,数码,cart,88.0
2351,21,北京,美妆,collect,19.9
2352,22,上海,服饰,purchase,299.0
2354,10,广州,图书,cart,0.0
2355,12,南昌,数码,collect,0.0
2356,15,北京,美妆,purchase,120.0
2357,19,上海,服饰,browse,230.0
2359,21,广州,图书,collect,19.9
2360,22,南昌,数码,purchase,299.0
2361,8,北京,美妆,browse,0.0
2362,10,上海,服饰,cart,0.0
2364,15,广州,图书,purchase,120.0
2365,19,南昌,数码,browse,230.0
2366,20,北京,美妆,cart,88.0
2367,21,上海,服饰,collect,19.9
2369,8,广州,图书,browse,0.0
2370,10,南昌,数码,cart,0.0
2371,12,北京,美妆,collect,0.0
2372,15,上海,服饰,purchase,120.0
2374,20,广州,图书,cart,88.0
2375,21,南昌,数码,collect,19.9
2376,22,北京,美妆,purchase,299.0
2377,8,上海,服饰,browse,0.0
2379,12,广州,图书,collect,0.0
2380,15,南昌,数码,purchase,120.0
2381,19,北京,美妆,browse,230.0
2382,20,上海,服饰,cart,88.0
2384,22,广州,图书,purchase,299.0
2385,8,南昌,数码,browse,0.0
2386,10,北京,美妆,cart,0.0
2387,12,上海,服饰,collect,0.0
2389,19,广州,图书,browse,230.0
2390,20,南昌,数码,cart,88.0
2391,21,北京,美妆,collect,19.9
2392,22,上海,服饰,purchase,299.0
2394,10,广州,图书,cart,0.0
2395,12,南昌,数码,collect,0.0
2396,15,北京,美妆,purchase,120.0
2397,19,上海,服饰,browse,230.0
2399,21,广州,图书,collect,19.9
2400,22,南昌,数码,purchase,299.0
2401,8,北京,美妆,browse,0.0
2402,10,上海,服饰,cart,0.0
2404,15,广州,图书,purchase,120.0
2405,19,南昌,数码,browse,230.0
2406,20,北京,美妆,cart,88.0
2407,21,上海,服饰,collect,19.9
2409,8,广州,图书,browse,0.0
2410,10,南昌,数码,cart,0.0
2411,12,北京,美妆,collect,0.0
2412,15,上海,服饰,purchase,120.0
2414,20,广州,图书,cart,88.0
2415,21,南昌,数码,collect,19.9
2416,22,北京,美妆,purchase,299.0
2417,8,上海,服饰,browse,0.0
2419,12,广州,图书,collect,0.0
2420,15,南昌,数码,purchase,120.0
2421,19,北京,美妆,browse,230.0
2422,20,上海,服饰,cart,88.0
2424,22,广州,图书,purchase,299.0
2425,8,南昌,数码,browse,0.0
2426,10,北京,美妆,cart,0.0
2427,12,上海,服饰,collect,0.0
2429,19,广州,图书,browse,230.0
2430,20,南昌,数码,cart,88.0
2431,21,北京,美妆,collect,19.9
2432,22,上海,服饰,purchase,299.0
2434,10,广州,图书,cart,0.0
2435,12,南昌,数码,collect,0.0
2436,15,北京,美妆,purchase,120.0
2437,19,上海,服饰,browse,230.0
2439,21,广州,图书,collect,19.9
2440,22,南昌,数码,purchase,299.0
2441,8,北京,美妆,browse,0.0
2442,10,上海,服饰,cart,0.0
2444,15,广州,图书,purchase,120.0
2445,19,南昌,数码,browse,230.0
2446,20,北京,美妆,cart,88.0
2447,21,上海,服饰,collect,19.9
2449,8,广州,图书,browse,0.0
2450,10,南昌,数码,cart,0.0
2451,12,北京,美妆,collect,0.0
2452,15,上海,服饰,purchase,120.0
2454,20,广州,图书,cart,88.0
2455,21,南昌,数码,collect,19.9
2456,22,北京,美妆,purchase,299.0
2457,8,上海,服饰,browse,0.0
2459,12,广州,图书,collect,0.0
2460,15,南昌,数码,purchase,120.0
2461,19,北京,美妆,browse,230.0
2462,20,上海,服饰,cart,88.0
2464,22,广州,图书,purchase,299.0
2465,8,南昌,数码,browse,0.0
2466,10,北京,美妆,cart,0.0
2467,12,上海,服饰,collect,0.0
2469,19,广州,图书,browse,230.0
2470,20,南昌,数码,cart,88.0
2471,21,北京,美妆,collect,19.9
2472,22,上海,服饰,purchase,299.0
2474,10,广州,图书,cart,0.0
2475,12,南昌,数码,collect,0.0
2476,15,北京,美妆,purchase,120.0
2477,19,上海,服饰,browse,230.0
2479,21,广州,图书,collect,19.9
2480,22,南昌,数码,purchase,299.0
2481,8,北京,美妆,browse,0.0
2482,10,上海,服饰,cart,0.0
2484,15,广州,图书,purchase,120.0
2485,19,南昌,数码,browse,230.0
2486,20,北京,美妆,cart,88.0
2487,21,上海,服饰,collect,19.9
2489,8,广州,图书,browse,0.0
2490,10,南昌,数码,cart,0.0
2491,12,北京,美妆,collect,0.0
2492,15,上海,服饰,purchase,120.0
2494,20,广州,图书,cart,88.0
2495,21,南昌,数码,collect,19.9
2496,22,北京,美妆,purchase,299.0
2497,8,上海,服饰,browse,0.0
2499,12,广州,图书,collect,0.0
2500,15,南昌,数码,purchase,120.0
2501,19,北京,美妆,browse,230.0
2502,20,上海,服饰,cart,88.0
2504,22,广州,图书,purchase,299.0
2505,8,南昌,数码,browse,0.0
2506,10,北京,美妆,cart,0.0
2507,12,上海,服饰,collect,0.0
2509,19,广州,图书,browse,230.0
2510,20,南昌,数码,cart,88.0
2511,21,北京,美妆,collect,19.9
2512,22,上海,服饰,purchase,299.0
2514,10,广州,图书,cart,0.0
2515,12,南昌,数码,collect,0.0
2516,15,北京,美妆,purchase,120.0
2517,19,上海,服饰,browse,230.0
2519,21,广州,图书,collect,19.9
2520,22,南昌,数码,purchase,299.0
2521,8,北京,美妆,browse,0.0
2522,10,上海,服饰,cart,0.0
2524,15,广州,图书,purchase,120.0
2525,19,南昌,数码,browse,230.0
2526,20,北京,美妆,cart,88.0
2527,21,上海,服饰,collect,19.9
2529,8,广州,图书,browse,0.0
2530,10,南昌,数码,cart,0.0
2531,12,北京,美妆,collect,0.0
2532,15,上海,服饰,purchase,120.0
2534,20,广州,图书,cart,88.0
2535,21,南昌,数码,collect,19.9
2536,22,北京,美妆,purchase,299.0
2537,8,上海,服饰,browse,0.0
2539,12,广州,图书,collect,0.0
2540,15,南昌,数码,purchase,120.0
2541,19,北京,美妆,browse,230.0
2542,20,上海,服饰,cart,88.0
2544,22,广州,图书,purchase,299.0
2545,8,南昌,数码,browse,0.0
2546,10,北京,美妆,cart,0.0
2547,12,上海,服饰,collect,0.0
2549,19,广州,图书,browse,230.0
2550,20,南昌,数码,cart,88.0
2551,21,北京,美妆,collect,19.9
2552,22,上海,服饰,purchase,299.0
2554,10,广州,图书,cart,0.0
2555,12,南昌,数码,collect,0.0
2556,15,北京,美妆,purchase,120.0
2557,19,上海,服饰,browse,230.0
2559,21,广州,图书,collect,19.9
2560,22,南昌,数码,purchase,299.0
2561,8,北京,美妆,browse,0.0
2562,10,上海,服饰,cart,0.0
2564,15,广州,图书,purchase,120.0
2565,19,南昌,数码,browse,230.0
2566,20,北京,美妆,cart,88.0
2567,21,上海,服饰,collect,19.9
2569,8,广州,图书,browse,0.0
2570,10,南昌,数码,cart,0.0
2571,12,北京,美妆,collect,0.0
2572,15,上海,服饰,purchase,120.0
2574,20,广州,图书,cart,88.0
2575,21,南昌,数码,collect,19.9
2576,22,北京,美妆,purchase,299.0
2577,8,上海,服饰,browse,0.0
2579,12,广州,图书,collect,0.0
2580,15,南昌,数码,purchase,120.0
2581,19,北京,美妆,browse,230.0
2582,20,上海,服饰,cart,88.0
2584,22,广州,图书,purchase,299.0
2585,8,南昌,数码,browse,0.0
2586,10,北京,美妆,cart,0.0
2587,12,上海,服饰,collect,0.0
2589,19,广州,图书,browse,230.0
2590,20,南昌,数码,cart,88.0
2591,21,北京,美妆,collect,19.9
2592,22,上海,服饰,purchase,299.0
2594,10,广州,图书,cart,0.0
2595,12,南昌,数码,collect,0.0
2596,15,北京,美妆,purchase,120.0
2597,19,上海,服饰,browse,230.0
2599,21,广州,图书,collect,19.9
2600,22,南昌,数码,purchase,299.0
2601,8,北京,美妆,browse,0.0
2602,10,上海,服饰,cart,0.0
2604,15,广州,图书,purchase,120.0
2605,19,南昌,数码,browse,230.0
2606,20,北京,美妆,cart,88.0
2607,21,上海,服饰,collect,19.9
2609,8,广州,图书,browse,0.0
2610,10,南昌,数码,cart,0.0
2611,12,北京,美妆,collect,0.0
2612,15,上海,服饰,purchase,120.0
2614,20,广州,图书,cart,88.0
2615,21,南昌,数码,collect,19.9
2616,22,北京,美妆,purchase,299.0
2617,8,上海,服饰,browse,0.0
2619,12,广州,图书,collect,0.0
2620,15,南昌,数码,purchase,120.0
2621,19,北京,美妆,browse,230.0
2622,20,上海,服饰,cart,88.0
2624,22,广州,图书,purchase,299.0
2625,8,南昌,数码,browse,0.0
2626,10,北京,美妆,cart,0.0
2627,12,上海,服饰,collect,0.0
2629,19,广州,图书,browse,230.0
2630,20,南昌,数码,cart,88.0
2631,21,北京,美妆,collect,19.9
2632,22,上海,服饰,purchase,299.0
2634,10,广州,图书,cart,0.0
2635,12,南昌,数码,collect,0.0
2636,15,北京,美妆,purchase,120.0
2637,19,上海,服饰,browse,230.0
2639,21,广州,图书,collect,19.9
2640,22,南昌,数码,purchase,299.0
2641,8,北京,美妆,browse,0.0
2642,10,上海,服饰,cart,0.0
2644,15,广州,图书,purchase,120.0
2645,19,南昌,数码,browse,230.0
2646,20,北京,美妆,cart,88.0
2647,21,上海,服饰,collect,19.9
2649,8,广州,图书,browse,0.0
2650,10,南昌,数码,cart,0.0
2651,12,北京,美妆,collect,0.0
2652,15,上海,服饰,purchase,120.0
2654,20,广州,图书,cart,88.0
2655,21,南昌,数码,collect,19.9
2656,22,北京,美妆,purchase,299.0
2657,8,上海,服饰,browse,0.0
2659,12,广州,图书,collect,0.0
2660,15,南昌,数码,purchase,120.0
2661,19,北京,美妆,browse,230.0
2662,20,上海,服饰,cart,88.0
2664,22,广州,图书,purchase,299.0
2665,8,南昌,数码,browse,0.0
2666,10,北京,美妆,cart,0.0
2667,12,上海,服饰,collect,0.0
2669,19,广州,图书,browse,230.0
2670,20,南昌,数码,cart,88.0
2671,21,北京,美妆,collect,19.9
2672,22,上海,服饰,purchase,299.0
2674,10,广州,图书,cart,0.0
2675,12,南昌,数码,collect,0.0
2676,15,北京,美妆,purchase,120.0
2677,19,上海,服饰,browse,230.0
2679,21,广州,图书,collect,19.9
2680,22,南昌,数码,purchase,299.0
2681,8,北京,美妆,browse,0.0
2682,10,上海,服饰,cart,0.0
2684,15,广州,图书,purchase,120.0
2685,19,南昌,数码,browse,230.0
2686,20,北京,美妆,cart,88.0
2687,21,上海,服饰,collect,19.9
2689,8,广州,图书,browse,0.0
2690,10,南昌,数码,cart,0.0
2691,12,北京,美妆,collect,0.0
2692,15,上海,服饰,purchase,120.0
2694,20,广州,图书,cart,88.0
2695,21,南昌,数码,collect,19.9
2696,22,北京,美妆,purchase,299.0
2697,8,上海,服饰,browse,0.0
2699,12,广州,图书,collect,0.0
2700,15,南昌,数码,purchase,120.0
2701,19,北京,美妆,browse,230.0
2702,20,上海,服饰,cart,88.0
2704,22,广州,图书,purchase,299.0
2705,8,南昌,数码,browse,0.0
2706,10,北京,美妆,cart,0.0
2707,12,上海,服饰,collect,0.0
2709,19,广州,图书,browse,230.0
2710,20,南昌,数码,cart,88.0
2711,21,北京,美妆,collect,19.9
2712,22,上海,服饰,purchase,299.0
2714,10,广州,图书,cart,0.0
2715,12,南昌,数码,collect,0.0
2716,15,北京,美妆,purchase,120.0
2717,19,上海,服饰,browse,230.0
2719,21,广州,图书,collect,19.9
2720,22,南昌,数码,purchase,299.0
2721,8,北京,美妆,browse,0.0
2722,10,上海,服饰,cart,0.0
2724,15,广州,图书,purchase,120.0
2725,19,南昌,数码,browse,230.0
2726,20,北京,美妆,cart,88.0
2727,21,上海,服饰,collect,19.9
2729,8,广州,图书,browse,0.0
2730,10,南昌,数码,cart,0.0
2731,12,北京,美妆,collect,0.0
2732,15,上海,服饰,purchase,120.0
2734,20,广州,图书,cart,88.0
2735,21,南昌,数码,collect,19.9
2736,22,北京,美妆,purchase,299.0
2737,8,上海,服饰,browse,0.0
2739,12,广州,图书,collect,0.0
2740,15,南昌,数码,purchase,120.0
2741,19,北京,美妆,browse,230.0
2742,20,上海,服饰,cart,88.0
2744,22,广州,图书,purchase,299.0
2745,8,南昌,数码,browse,0.0
2746,10,北京,美妆,cart,0.0
2747,12,上海,服饰,collect,0.0
2749,19,广州,图书,browse,230.0
2750,20,南昌,数码,cart,88.0
2751,21,北京,美妆,collect,19.9
2752,22,上海,服饰,purchase,299.0
2754,10,广州,图书,cart,0.0
2755,12,南昌,数码,collect,0.0
2756,15,北京,美妆,purchase,120.0
2757,19,上海,服饰,browse,230.0
2759,21,广州,图书,collect,19.9
2760,22,南昌,数码,purchase,299.0
2761,8,北京,美妆,browse,0.0
2762,10,上海,服饰,cart,0.0
2764,15,广州,图书,purchase,120.0
2765,19,南昌,数码,browse,230.0
2766,20,北京,美妆,cart,88.0
2767,21,上海,服饰,collect,19.9
2769,8,广州,图书,browse,0.0
2770,10,南昌,数码,cart,0.0
2771,12,北京,美妆,collect,0.0
2772,15,上海,服饰,purchase,120.0
2774,20,广州,图书,cart,88.0
2775,21,南昌,数码,collect,19.9
2776,22,北京,美妆,purchase,299.0
2777,8,上海,服饰,browse,0.0
2779,12,广州,图书,collect,0.0
2780,15,南昌,数码,purchase,120.0
2781,19,北京,美妆,browse,230.0
2782,20,上海,服饰,cart,88.0
2784,22,广州,图书,purchase,299.0
2785,8,南昌,数码,browse,0.0
2786,10,北京,美妆,cart,0.0
2787,12,上海,服饰,collect,0.0
2789,19,广州,图书,browse,230.0
2790,20,南昌,数码,cart,88.0
2791,21,北京,美妆,collect,19.9
2792,22,上海,服饰,purchase,299.0
2794,10,广州,图书,cart,0.0
2795,12,南昌,数码,collect,0.0
2796,15,北京,美妆,purchase,120.0
2797,19,上海,服饰,browse,230.0
2799,21,广州,图书,collect,19.9
2800,22,南昌,数码,purchase,299.0
2801,8,北京,美妆,browse,0.0
2802,10,上海,服饰,cart,0.0
2804,15,广州,图书,purchase,120.0
2805,19,南昌,数码,browse,230.0
2806,20,北京,美妆,cart,88.0
2807,21,上海,服饰,collect,19.9
2809,8,广州,图书,browse,0.0
2810,10,南昌,数码,cart,0.0
2811,12,北京,美妆,collect,0.0
2812,15,上海,服饰,purchase,120.0
2814,20,广州,图书,cart,88.0
2815,21,南昌,数码,collect,19.9
2816,22,北京,美妆,purchase,299.0
2817,8,上海,服饰,browse,0.0
2819,12,广州,图书,collect,0.0
2820,15,南昌,数码,purchase,120.0
2821,19,北京,美妆,browse,230.0
2822,20,上海,服饰,cart,88.0
2824,22,广州,图书,purchase,299.0
2825,8,南昌,数码,browse,0.0
2826,10,北京,美妆,cart,0.0
2827,12,上海,服饰,collect,0.0
2829,19,广州,图书,browse,230.0
2830,20,南昌,数码,cart,88.0
2831,21,北京,美妆,collect,19.9
2832,22,上海,服饰,purchase,299.0
2834,10,广州,图书,cart,0.0
2835,12,南昌,数码,collect,0.0
2836,15,北京,美妆,purchase,120.0
2837,19,上海,服饰,browse,230.0
2839,21,广州,图书,collect,19.9
2840,22,南昌,数码,purchase,299.0
2841,8,北京,美妆,browse,0.0
2842,10,上海,服饰,cart,0.0
2844,15,广州,图书,purchase,120.0
2845,19,南昌,数码,browse,230.0
2846,20,北京,美妆,cart,88.0
2847,21,上海,服饰,collect,19.9
2849,8,广州,图书,browse,0.0
2850,10,南昌,数码,cart,0.0
2851,12,北京,美妆,collect,0.0
2852,15,上海,服饰,purchase,120.0
2854,20,广州,图书,cart,88.0
2855,21,南昌,数码,collect,19.9
2856,22,北京,美妆,purchase,299.0
2857,8,上海,服饰,browse,0.0
2859,12,广州,图书,collect,0.0
2860,15,南昌,数码,purchase,120.0
2861,19,北京,美妆,browse,230.0
2862,20,上海,服饰,cart,88.0
2864,22,广州,图书,purchase,299.0
2865,8,南昌,数码,browse,0.0
2866,10,北京,美妆,cart,0.0
2867,12,上海,服饰,collect,0.0
2869,19,广州,图书,browse,230.0
2870,20,南昌,数码,cart,88.0
2871,21,北京,美妆,collect,19.9
2872,22,上海,服饰,purchase,299.0
2874,10,广州,图书,cart,0.0
2875,12,南昌,数码,collect,0.0
2876,15,北京,美妆,purchase,120.0
2877,19,上海,服饰,browse,230.0
2879,21,广州,图书,collect,19.9
2880,22,南昌,数码,purchase,299.0
2881,8,北京,美妆,browse,0.0
2882,10,上海,服饰,cart,0.0
2884,15,广州,图书,purchase,120.0
2885,19,南昌,数码,browse,230.0
2886,20,北京,美妆,cart,88.0
2887,21,上海,服饰,collect,19.9
2889,8,广州,图书,browse,0.0
2890,10,南昌,数码,cart,0.0
2891,12,北京,美妆,collect,0.0
2892,15,上海,服饰,purchase,120.0
2894,20,广州,图书,cart,88.0
2895,21,南昌,数码,collect,19.9
2896,22,北京,美妆,purchase,299.0
2897,8,上海,服饰,browse,0.0
2899,12,广州,图书,collect,0.0
2900,15,南昌,数码,purchase,120.0
2901,19,北京,美妆,browse,230.0
2902,20,上海,服饰,cart,88.0
2904,22,广州,图书,purchase,299.0
2905,8,南昌,数码,browse,0.0
2906,10,北京,美妆,cart,0.0
2907,12,上海,服饰,collect,0.0
2909,19,广州,图书,browse,230.0
2910,20,南昌,数码,cart,88.0
2911,21,北京,美妆,collect,19.9
2912,22,上海,服饰,purchase,299.0
2914,10,广州,图书,cart,0.0
2915,12,南昌,数码,collect,0.0
2916,15,北京,美妆,purchase,120.0
2917,19,上海,服饰,browse,230.0
2919,21,广州,图书,collect,19.9
2920,22,南昌,数码,purchase,299.0
2921,8,北京,美妆,browse,0.0
2922,10,上海,服饰,cart,0.0
2924,15,广州,图书,purchase,120.0
2925,19,南昌,数码,browse,230.0
2926,20,北京,美妆,cart,88.0
2927,21,上海,服饰,collect,19.9
2929,8,广州,图书,browse,0.0
2930,10,南昌,数码,cart,0.0
2931,12,北京,美妆,collect,0.0
2932,15,上海,服饰,purchase,120.0
2934,20,广州,图书,cart,88.0
2935,21,南昌,数码,collect,19.9
2936,22,北京,美妆,purchase,299.0
2937,8,上海,服饰,browse,0.0
2939,12,广州,图书,collect,0.0
2940,15,南昌,数码,purchase,120.0
2941,19,北京,美妆,browse,230.0
2942,20,上海,服饰,cart,88.0
2944,22,广州,图书,purchase,299.0
2945,8,南昌,数码,browse,0.0
2946,10,北京,美妆,cart,0.0
2947,12,上海,服饰,collect,0.0
2949,19,广州,图书,browse,230.0
2950,20,南昌,数码,cart,88.0
2951,21,北京,美妆,collect,19.9
2952,22,上海,服饰,purchase,299.0
2954,10,广州,图书,cart,0.0
2955,12,南昌,数码,collect,0.0
2956,15,北京,美妆,purchase,120.0
2957,19,上海,服饰,browse,230.0
2959,21,广州,图书,collect,19.9
2960,22,南昌,数码,purchase,299.0
2961,8,北京,美妆,browse,0.0
2962,10,上海,服饰,cart,0.0
2964,15,广州,图书,purchase,120.0
2965,19,南昌,数码,browse,230.0
2966,20,北京,美妆,cart,88.0
2967,21,上海,服饰,collect,19.9
2969,8,广州,图书,browse,0.0
2970,10,南昌,数码,cart,0.0
2971,12,北京,美妆,collect,0.0
2972,15,上海,服饰,purchase,120.0
2974,20,广州,图书,cart,88.0
2975,21,南昌,数码,collect,19.9
2976,22,北京,美妆,purchase,299.0
2977,8,上海,服饰,browse,0.0
2979,12,广州,图书,collect,0.0
2980,15,南昌,数码,purchase,120.0
2981,19,北京,美妆,browse,230.0
2982,20,上海,服饰,cart,88.0
2984,22,广州,图书,purchase,299.0
2985,8,南昌,数码,browse,0.0
2986,10,北京,美妆,cart,0.0
2987,12,上海,服饰,collect,0.0
2989,19,广州,图书,browse,230.0
2990,20,南昌,数码,cart,88.0
2991,21,北京,美妆,collect,19.9
2992,22,上海,服饰,purchase,299.0
2994,10,广州,图书,cart,0.0
2995,12,南昌,数码,collect,0.0
2996,15,北京,美妆,purchase,120.0
2997,19,上海,服饰,browse,230.0
2999,21,广州,图书,collect,19.9
3000,22,南昌,数码,purchase,299.0
3001,8,北京,美妆,browse,0.0
3002,10,上海,服饰,cart,0.0
3004,15,广州,图书,purchase,120.0
3005,19,南昌,数码,browse,230.0
3006,20,北京,美妆,cart,88.0
3007,21,上海,服饰,collect,19.9
3009,8,广州,图书,browse,0.0
3010,10,南昌,数码,cart,0.0
3011,12,北京,美妆,collect,0.0
3012,15,上海,服饰,purchase,120.0
3014,20,广州,图书,cart,88.0
3015,21,南昌,数码,collect,19.9
3016,22,北京,美妆,purchase,299.0
3017,8,上海,服饰,browse,0.0
3019,12,广州,图书,collect,0.0
3020,15,南昌,数码,purchase,120.0
3021,19,北京,美妆,browse,230.0
3022,20,上海,服饰,cart,88.0
3024,22,广州,图书,purchase,299.0
3025,8,南昌,数码,browse,0.0
3026,10,北京,美妆,cart,0.0
3027,12,上海,服饰,collect,0.0
3029,19,广州,图书,browse,230.0
3030,20,南昌,数码,cart,88.0
3031,21,北京,美妆,collect,19.9
3032,22,上海,服饰,purchase,299.0
3034,10,广州,图书,cart,0.0
3035,12,南昌,数码,collect,0.0
3036,15,北京,美妆,purchase,120.0
3037,19,上海,服饰,browse,230.0
3039,21,广州,图书,collect,19.9
3040,22,南昌,数码,purchase,299.0
3041,8,北京,美妆,browse,0.0
3042,10,上海,服饰,cart,0.0
3044,15,广州,图书,purchase,120.0
3045,19,南昌,数码,browse,230.0
3046,20,北京,美妆,cart,88.0
3047,21,上海,服饰,collect,19.9
3049,8,广州,图书,browse,0.0
3050,10,南昌,数码,cart,0.0
3051,12,北京,美妆,collect,0.0
3052,15,上海,服饰,purchase,120.0
3054,20,广州,图书,cart,88.0
3055,21,南昌,数码,collect,19.9
3056,22,北京,美妆,purchase,299.0
3057,8,上海,服饰,browse,0.0
3059,12,广州,图书,collect,0.0
3060,15,南昌,数码,purchase,120.0
3061,19,北京,美妆,browse,230.0
3062,20,上海,服饰,cart,88.0
3064,22,广州,图书,purchase,299.0
3065,8,南昌,数码,browse,0.0
3066,10,北京,美妆,cart,0.0
3067,12,上海,服饰,collect,0.0
3069,19,广州,图书,browse,230.0
3070,20,南昌,数码,cart,88.0
3071,21,北京,美妆,collect,19.9
3072,22,上海,服饰,purchase,299.0
3074,10,广州,图书,cart,0.0
3075,12,南昌,数码,collect,0.0
3076,15,北京,美妆,purchase,120.0
3077,19,上海,服饰,browse,230.0
3079,21,广州,图书,collect,19.9
3080,22,南昌,数码,purchase,299.0
3081,8,北京,美妆,browse,0.0
3082,10,上海,服饰,cart,0.0
3084,15,广州,图书,purchase,120.0
3085,19,南昌,数码,browse,230.0
3086,20,北京,美妆,cart,88.0
3087,21,上海,服饰,collect,19.9
3089,8,广州,图书,browse,0.0
3090,10,南昌,数码,cart,0.0
3091,12,北京,美妆,collect,0.0
3092,15,上海,服饰,purchase,120.0
3094,20,广州,图书,cart,88.0
3095,21,南昌,数码,collect,19.9
3096,22,北京,美妆,purchase,299.0
3097,8,上海,服饰,browse,0.0
3099,12,广州,图书,collect,0.0
3100,15,南昌,数码,purchase,120.0
3101,19,北京,美妆,browse,230.0
3102,20,上海,服饰,cart,88.0
3104,22,广州,图书,purchase,299.0
3105,8,南昌,数码,browse,0.0
3106,10,北京,美妆,cart,0.0
3107,12,上海,服饰,collect,0.0
3109,19,广州,图书,browse,230.0
3110,20,南昌,数码,cart,88.0
3111,21,北京,美妆,collect,19.9
3112,22,上海,服饰,purchase,299.0
3114,10,广州,图书,cart,0.0
3115,12,南昌,数码,collect,0.0
3116,15,北京,美妆,purchase,120.0
3117,19,上海,服饰,browse,230.0
3119,21,广州,图书,collect,19.9
3120,22,南昌,数码,purchase,299.0
3121,8,北京,美妆,browse,0.0
3122,10,上海,服饰,cart,0.0
3124,15,广州,图书,purchase,120.0
3125,19,南昌,数码,browse,230.0
3126,20,北京,美妆,cart,88.0
3127,21,上海,服饰,collect,19.9
3129,8,广州,图书,browse,0.0
3130,10,南昌,数码,cart,0.0
3131,12,北京,美妆,collect,0.0
3132,15,上海,服饰,purchase,120.0
3134,20,广州,图书,cart,88.0
3135,21,南昌,数码,collect,19.9
3136,22,北京,美妆,purchase,299.0
3137,8,上海,服饰,browse,0.0
3139,12,广州,图书,collect,0.0
3140,15,南昌,数码,purchase,120.0
3141,19,北京,美妆,browse,230.0
3142,20,上海,服饰,cart,88.0
3144,22,广州,图书,purchase,299.0
3145,8,南昌,数码,browse,0.0
3146,10,北京,美妆,cart,0.0
3147,12,上海,服饰,collect,0.0
3149,19,广州,图书,browse,230.0
3150,20,南昌,数码,cart,88.0
3151,21,北京,美妆,collect,19.9
3152,22,上海,服饰,purchase,299.0
3154,10,广州,图书,cart,0.0
3155,12,南昌,数码,collect,0.0
3156,15,北京,美妆,purchase,120.0
3157,19,上海,服饰,browse,230.0
3159,21,广州,图书,collect,19.9
3160,22,南昌,数码,purchase,299.0
3161,8,北京,美妆,browse,0.0
3162,10,上海,服饰,cart,0.0
3164,15,广州,图书,purchase,120.0
3165,19,南昌,数码,browse,230.0
3166,20,北京,美妆,cart,88.0
3167,21,上海,服饰,collect,19.9
3169,8,广州,图书,browse,0.0
3170,10,南昌,数码,cart,0.0
3171,12,北京,美妆,collect,0.0
3172,15,上海,服饰,purchase,120.0
3174,20,广州,图书,cart,88.0
3175,21,南昌,数码,collect,19.9
3176,22,北京,美妆,purchase,299.0
3177,8,上海,服饰,browse,0.0
3179,12,广州,图书,collect,0.0
3180,15,南昌,数码,purchase,120.0
3181,19,北京,美妆,browse,230.0
3182,20,上海,服饰,cart,88.0
3184,22,广州,图书,purchase,299.0
3185,8,南昌,数码,browse,0.0
3186,10,北京,美妆,cart,0.0
3187,12,上海,服饰,collect,0.0
3189,19,广州,图书,browse,230.0
3190,20,南昌,数码,cart,88.0
3191,21,北京,美妆,collect,19.9
3192,22,上海,服饰,purchase,299.0
3194,10,广州,图书,cart,0.0
3195,12,南昌,数码,collect,0.0
3196,15,北京,美妆,purchase,120.0
3197,19,上海,服饰,browse,230.0
3199,21,广州,图书,collect,19.9
3200,22,南昌,数码,purchase,299.0
3201,8,北京,美妆,browse,0.0
3202,10,上海,服饰,cart,0.0
3204,15,广州,图书,purchase,120.0
3205,19,南昌,数码,browse,230.0
3206,20,北京,美妆,cart,88.0
3207,21,上海,服饰,collect,19.9
3209,8,广州,图书,browse,0.0
3210,10,南昌,数码,cart,0.0
3211,12,北京,美妆,collect,0.0
3212,15,上海,服饰,purchase,120.0
3214,20,广州,图书,cart,88.0
3215,21,南昌,数码,collect,19.9
3216,22,北京,美妆,purchase,299.0
3217,8,上海,服饰,browse,0.0
3219,12,广州,图书,collect,0.0
3220,15,南昌,数码,purchase,120.0
3221,19,北京,美妆,browse,230.0
3222,20,上海,服饰,cart,88.0
3224,22,广州,图书,purchase,299.0
3225,8,南昌,数码,browse,0.0
3226,10,北京,美妆,cart,0.0
3227,12,上海,服饰,collect,0.0
3229,19,广州,图书,browse,230.0
3230,20,南昌,数码,cart,88.0
3231,21,北京,美妆,collect,19.9
3232,22,上海,服饰,purchase,299.0
3234,10,广州,图书,cart,0.0
3235,12,南昌,数码,collect,0.0
3236,15,北京,美妆,purchase,120.0
3237,19,上海,服饰,browse,230.0
3239,21,广州,图书,collect,19.9
3240,22,南昌,数码,purchase,299.0
3241,8,北京,美妆,browse,0.0
3242,10,上海,服饰,cart,0.0
3244,15,广州,图书,purchase,120.0
3245,19,南昌,数码,browse,230.0
3246,20,北京,美妆,cart,88.0
3247,21,上海,服饰,collect,19.9
3249,8,广州,图书,browse,0.0
3250,10,南昌,数码,cart,0.0
3251,12,北京,美妆,collect,0.0
3252,15,上海,服饰,purchase,120.0
3254,20,广州,图书,cart,88.0
3255,21,南昌,数码,collect,19.9
3256,22,北京,美妆,purchase,299.0
3257,8,上海,服饰,browse,0.0
3259,12,广州,图书,collect,0.0
3260,15,南昌,数码,purchase,120.0
3261,19,北京,美妆,browse,230.0
3262,20,上海,服饰,cart,88.0
3264,22,广州,图书,purchase,299.0
3265,8,南昌,数码,browse,0.0
3266,10,北京,美妆,cart,0.0
3267,12,上海,服饰,collect,0.0
3269,19,广州,图书,browse,230.0
3270,20,南昌,数码,cart,88.0
3271,21,北京,美妆,collect,19.9
3272,22,上海,服饰,purchase,299.0
3274,10,广州,图书,cart,0.0
3275,12,南昌,数码,collect,0.0
3276,15,北京,美妆,purchase,120.0
3277,19,上海,服饰,browse,230.0
3279,21,广州,图书,collect,19.9
3280,22,南昌,数码,purchase,299.0
3281,8,北京,美妆,browse,0.0
3282,10,上海,服饰,cart,0.0
3284,15,广州,图书,purchase,120.0
3285,19,南昌,数码,browse,230.0
3286,20,北京,美妆,cart,88.0
3287,21,上海,服饰,collect,19.9
3289,8,广州,图书,browse,0.0
3290,10,南昌,数码,cart,0.0
3291,12,北京,美妆,collect,0.0
3292,15,上海,服饰,purchase,120.0
3294,20,广州,图书,cart,88.0
3295,21,南昌,数码,collect,19.9
3296,22,北京,美妆,purchase,299.0
3297,8,上海,服饰,browse,0.0
3299,12,广州,图书,collect,0.0
3300,15,南昌,数码,purchase,120.0
3301,19,北京,美妆,browse,230.0
3302,20,上海,服饰,cart,88.0
3304,22,广州,图书,purchase,299.0
3305,8,南昌,数码,browse,0.0
3306,10,北京,美妆,cart,0.0
3307,12,上海,服饰,collect,0.0
3309,19,广州,图书,browse,230.0
3310,20,南昌,数码,cart,88.0
3311,21,北京,美妆,collect,19.9
3312,22,上海,服饰,purchase,299.0
3314,10,广州,图书,cart,0.0
3315,12,南昌,数码,collect,0.0
3316,15,北京,美妆,purchase,120.0
3317,19,上海,服饰,browse,230.0
3319,21,广州,图书,collect,19.9
3320,22,南昌,数码,purchase,299.0
3321,8,北京,美妆,browse,0.0
3322,10,上海,服饰,cart,0.0
3324,15,广州,图书,purchase,120.0
3325,19,南昌,数码,browse,230.0
3326,20,北京,美妆,cart,88.0
3327,21,上海,服饰,collect,19.9
3329,8,广州,图书,browse,0.0
3330,10,南昌,数码,cart,0.0
3331,12,北京,美妆,collect,0.0
3332,15,上海,服饰,purchase,120.0
3334,20,广州,图书,cart,88.0
3335,21,南昌,数码,collect,19.9
3336,22,北京,美妆,purchase,299.0
3337,8,上海,服饰,browse,0.0
3339,12,广州,图书,collect,0.0
3340,15,南昌,数码,purchase,120.0
3341,19,北京,美妆,browse,230.0
3342,20,上海,服饰,cart,88.0
3344,22,广州,图书,purchase,299.0
3345,8,南昌,数码,browse,0.0
3346,10,北京,美妆,cart,0.0
3347,12,上海,服饰,collect,0.0
3349,19,广州,图书,browse,230.0
3350,20,南昌,数码,cart,88.0
3351,21,北京,美妆,collect,19.9
3352,22,上海,服饰,purchase,299.0
3354,10,广州,图书,cart,0.0
3355,12,南昌,数码,collect,0.0
3356,15,北京,美妆,purchase,120.0
3357,19,上海,服饰,browse,230.0
3359,21,广州,图书,collect,19.9
3360,22,南昌,数码,purchase,299.0
3361,8,北京,美妆,browse,0.0
3362,10,上海,服饰,cart,0.0
3364,15,广州,图书,purchase,120.0
3365,19,南昌,数码,browse,230.0
3366,20,北京,美妆,cart,88.0
3367,21,上海,服饰,collect,19.9
3369,8,广州,图书,browse,0.0
3370,10,南昌,数码,cart,0.0
3371,12,北京,美妆,collect,0.0
3372,15,上海,服饰,purchase,120.0
3374,20,广州,图书,cart,88.0
3375,21,南昌,数码,collect,19.9
3376,22,北京,美妆,purchase,299.0
3377,8,上海,服饰,browse,0.0
3379,12,广州,图书,collect,0.0
3380,15,南昌,数码,purchase,120.0
3381,19,北京,美妆,browse,230.0
3382,20,上海,服饰,cart,88.0
3384,22,广州,图书,purchase,299.0
3385,8,南昌,数码,browse,0.0
3386,10,北京,美妆,cart,0.0
3387,12,上海,服饰,collect,0.0
3389,19,广州,图书,browse,230.0
3390,20,南昌,数码,cart,88.0
3391,21,北京,美妆,collect,19.9
3392,22,上海,服饰,purchase,299.0
3394,10,广州,图书,cart,0.0
3395,12,南昌,数码,collect,0.0
3396,15,北京,美妆,purchase,120.0
3397,19,上海,服饰,browse,230.0
3399,21,广州,图书,collect,19.9
3400,22,南昌,数码,purchase,299.0
3401,8,北京,美妆,browse,0.0
3402,10,上海,服饰,cart,0.0
3404,15,广州,图书,purchase,120.0
3405,19,南昌,数码,browse,230.0
3406,20,北京,美妆,cart,88.0
3407,21,上海,服饰,collect,19.9
3409,8,广州,图书,browse,0.0
3410,10,南昌,数码,cart,0.0
3411,12,北京,美妆,collect,0.0
3412,15,上海,服饰,purchase,120.0
3414,20,广州,图书,cart,88.0
3415,21,南昌,数码,collect,19.9
3416,22,北京,美妆,purchase,299.0
3417,8,上海,服饰,browse,0.0
3419,12,广州,图书,collect,0.0
3420,15,南昌,数码,purchase,120.0
3421,19,北京,美妆,browse,230.0
3422,20,上海,服饰,cart,88.0
3424,22,广州,图书,purchase,299.0
3425,8,南昌,数码,browse,0.0
3426,10,北京,美妆,cart,0.0
3427,12,上海,服饰,collect,0.0
3429,19,广州,图书,browse,230.0
3430,20,南昌,数码,cart,88.0
3431,21,北京,美妆,collect,19.9
3432,22,上海,服饰,purchase,299.0
3434,10,广州,图书,cart,0.0
3435,12,南昌,数码,collect,0.0
3436,15,北京,美妆,purchase,120.0
3437,19,上海,服饰,browse,230.0
3439,21,广州,图书,collect,19.9
3440,22,南昌,数码,purchase,299.0
3441,8,北京,美妆,browse,0.0
3442,10,上海,服饰,cart,0.0
3444,15,广州,图书,purchase,120.0
3445,19,南昌,数码,browse,230.0
3446,20,北京,美妆,cart,88.0
3447,21,上海,服饰,collect,19.9
3449,8,广州,图书,browse,0.0
3450,10,南昌,数码,cart,0.0
3451,12,北京,美妆,collect,0.0
3452,15,上海,服饰,purchase,120.0
3454,20,广州,图书,cart,88.0
3455,21,南昌,数码,collect,19.9
3456,22,北京,美妆,purchase,299.0
3457,8,上海,服饰,browse,0.0
3459,12,广州,图书,collect,0.0
3460,15,南昌,数码,purchase,120.0
3461,19,北京,美妆,browse,230.0
3462,20,上海,服饰,cart,88.0
3464,22,广州,图书,purchase,299.0
3465,8,南昌,数码,browse,0.0
3466,10,北京,美妆,cart,0.0
3467,12,上海,服饰,collect,0.0
3469,19,广州,图书,browse,230.0
3470,20,南昌,数码,cart,88.0
3471,21,北京,美妆,collect,19.9
3472,22,上海,服饰,purchase,299.0
3474,10,广州,图书,cart,0.0
3475,12,南昌,数码,collect,0.0
3476,15,北京,美妆,purchase,120.0
3477,19,上海,服饰,browse,230.0
3479,21,广州,图书,collect,19.9
3480,22,南昌,数码,purchase,299.0
3481,8,北京,美妆,browse,0.0
3482,10,上海,服饰,cart,0.0
3484,15,广州,图书,purchase,120.0
3485,19,南昌,数码,browse,230.0
3486,20,北京,美妆,cart,88.0
3487,21,上海,服饰,collect,19.9
3489,8,广州,图书,browse,0.0
3490,10,南昌,数码,cart,0.0
3491,12,北京,美妆,collect,0.0
3492,15,上海,服饰,purchase,120.0
3494,20,广州,图书,cart,88.0
3495,21,南昌,数码,collect,19.9
3496,22,北京,美妆,purchase,299.0
3497,8,上海,服饰,browse,0.0
3499,12,广州,图书,collect,0.0
3500,15,南昌,数码,purchase,120.0
3501,19,北京,美妆,browse,230.0
3502,20,上海,服饰,cart,88.0
3504,22,广州,图书,purchase,299.0
3505,8,南昌,数码,browse,0.0
3506,10,北京,美妆,cart,0.0
3507,12,上海,服饰,collect,0.0
3509,19,广州,图书,browse,230.0
3510,20,南昌,数码,cart,88.0
3511,21,北京,美妆,collect,19.9
3512,22,上海,服饰,purchase,299.0
3514,10,广州,图书,cart,0.0
3515,12,南昌,数码,collect,0.0
3516,15,北京,美妆,purchase,120.0
3517,19,上海,服饰,browse,230.0
3519,21,广州,图书,collect,19.9
3520,22,南昌,数码,purchase,299.0
3521,8,北京,美妆,browse,0.0
3522,10,上海,服饰,cart,0.0
3524,15,广州,图书,purchase,120.0
3525,19,南昌,数码,browse,230.0
3526,20,北京,美妆,cart,88.0
3527,21,上海,服饰,collect,19.9
3529,8,广州,图书,browse,0.0
3530,10,南昌,数码,cart,0.0
3531,12,北京,美妆,collect,0.0
3532,15,上海,服饰,purchase,120.0
3534,20,广州,图书,cart,88.0
3535,21,南昌,数码,collect,19.9
3536,22,北京,美妆,purchase,299.0
3537,8,上海,服饰,browse,0.0
3539,12,广州,图书,collect,0.0
3540,15,南昌,数码,purchase,120.0
3541,19,北京,美妆,browse,230.0
3542,20,上海,服饰,cart,88.0
3544,22,广州,图书,purchase,299.0
3545,8,南昌,数码,browse,0.0
3546,10,北京,美妆,cart,0.0
3547,12,上海,服饰,collect,0.0
3549,19,广州,图书,browse,230.0
3550,20,南昌,数码,cart,88.0
3551,21,北京,美妆,collect,19.9
3552,22,上海,服饰,purchase,299.0
3554,10,广州,图书,cart,0.0
3555,12,南昌,数码,collect,0.0
3556,15,北京,美妆,purchase,120.0
3557,19,上海,服饰,browse,230.0
3559,21,广州,图书,collect,19.9
3560,22,南昌,数码,purchase,299.0
3561,8,北京,美妆,browse,0.0
3562,10,上海,服饰,cart,0.0
3564,15,广州,图书,purchase,120.0
3565,19,南昌,数码,browse,230.0
3566,20,北京,美妆,cart,88.0
3567,21,上海,服饰,collect,19.9
3569,8,广州,图书,browse,0.0
3570,10,南昌,数码,cart,0.0
3571,12,北京,美妆,collect,0.0
3572,15,上海,服饰,purchase,120.0
3574,20,广州,图书,cart,88.0
3575,21,南昌,数码,collect,19.9
3576,22,北京,美妆,purchase,299.0
3577,8,上海,服饰,browse,0.0
3579,12,广州,图书,collect,0.0
3580,15,南昌,数码,purchase,120.0
3581,19,北京,美妆,browse,230.0
3582,20,上海,服饰,cart,88.0
3584,22,广州,图书,purchase,299.0
3585,8,南昌,数码,browse,0.0
3586,10,北京,美妆,cart,0.0
3587,12,上海,服饰,collect,0.0
3589,19,广州,图书,browse,230.0
3590,20,南昌,数码,cart,88.0
3591,21,北京,美妆,collect,19.9
3592,22,上海,服饰,purchase,299.0
3594,10,广州,图书,cart,0.0
3595,12,南昌,数码,collect,0.0
3596,15,北京,美妆,purchase,120.0
3597,19,上海,服饰,browse,230.0
3599,21,广州,图书,collect,19.9
3600,22,南昌,数码,purchase,299.0
3601,8,北京,美妆,browse,0.0
3602,10,上海,服饰,cart,0.0
3604,15,广州,图书,purchase,120.0
3605,19,南昌,数码,browse,230.0
3606,20,北京,美妆,cart,88.0
3607,21,上海,服饰,collect,19.9
3609,8,广州,图书,browse,0.0
3610,10,南昌,数码,cart,0.0
3611,12,北京,美妆,collect,0.0
3612,15,上海,服饰,purchase,120.0
3614,20,广州,图书,cart,88.0
3615,21,南昌,数码,collect,19.9
3616,22,北京,美妆,purchase,299.0
3617,8,上海,服饰,browse,0.0
3619,12,广州,图书,collect,0.0
3620,15,南昌,数码,purchase,120.0
3621,19,北京,美妆,browse,230.0
3622,20,上海,服饰,cart,88.0
3624,22,广州,图书,purchase,299.0
3625,8,南昌,数码,browse,0.0
3626,10,北京,美妆,cart,0.0
3627,12,上海,服饰,collect,0.0
3629,19,广州,图书,browse,230.0
3630,20,南昌,数码,cart,88.0
3631,21,北京,美妆,collect,19.9
3632,22,上海,服饰,purchase,299.0
3634,10,广州,图书,cart,0.0
3635,12,南昌,数码,collect,0.0
3636,15,北京,美妆,purchase,120.0
3637,19,上海,服饰,browse,230.0
3639,21,广州,图书,collect,19.9
3640,22,南昌,数码,purchase,299.0
3641,8,北京,美妆,browse,0.0
3642,10,上海,服饰,cart,0.0
3644,15,广州,图书,purchase,120.0
3645,19,南昌,数码,browse,230.0
3646,20,北京,美妆,cart,88.0
3647,21,上海,服饰,collect,19.9
3649,8,广州,图书,browse,0.0
3650,10,南昌,数码,cart,0.0
3651,12,北京,美妆,collect,0.0
3652,15,上海,服饰,purchase,120.0
3654,20,广州,图书,cart,88.0
3655,21,南昌,数码,collect,19.9
3656,22,北京,美妆,purchase,299.0
3657,8,上海,服饰,browse,0.0
3659,12,广州,图书,collect,0.0
3660,15,南昌,数码,purchase,120.0
3661,19,北京,美妆,browse,230.0
3662,20,上海,服饰,cart,88.0
3664,22,广州,图书,purchase,299.0
3665,8,南昌,数码,browse,0.0
3666,10,北京,美妆,cart,0.0
3667,12,上海,服饰,collect,0.0
3669,19,广州,图书,browse,230.0
3670,20,南昌,数码,cart,88.0
3671,21,北京,美妆,collect,19.9
3672,22,上海,服饰,purchase,299.0
3674,10,广州,图书,cart,0.0
3675,12,南昌,数码,collect,0.0
3676,15,北京,美妆,purchase,120.0
3677,19,上海,服饰,browse,230.0
3679,21,广州,图书,collect,19.9
3680,22,南昌,数码,purchase,299.0
3681,8,北京,美妆,browse,0.0
3682,10,上海,服饰,cart,0.0
3684,15,广州,图书,purchase,120.0
3685,19,南昌,数码,browse,230.0
3686,20,北京,美妆,cart,88.0
3687,21,上海,服饰,collect,19.9
3689,8,广州,图书,browse,0.0
3690,10,南昌,数码,cart,0.0
3691,12,北京,美妆,collect,0.0
3692,15,上海,服饰,purchase,120.0
3694,20,广州,图书,cart,88.0
3695,21,南昌,数码,collect,19.9
3696,22,北京,美妆,purchase,299.0
3697,8,上海,服饰,browse,0.0
3699,12,广州,图书,collect,0.0
3700,15,南昌,数码,purchase,120.0
3701,19,北京,美妆,browse,230.0
3702,20,上海,服饰,cart,88.0
3704,22,广州,图书,purchase,299.0
3705,8,南昌,数码,browse,0.0
3706,10,北京,美妆,cart,0.0
3707,12,上海,服饰,collect,0.0
3709,19,广州,图书,browse,230.0
3710,20,南昌,数码,cart,88.0
3711,21,北京,美妆,collect,19.9
3712,22,上海,服饰,purchase,299.0
3714,10,广州,图书,cart,0.0
3715,12,南昌,数码,collect,0.0
3716,15,北京,美妆,purchase,120.0
3717,19,上海,服饰,browse,230.0
3719,21,广州,图书,collect,19.9
3720,22,南昌,数码,purchase,299.0
3721,8,北京,美妆,browse,0.0
3722,10,上海,服饰,cart,0.0
3724,15,广州,图书,purchase,120.0
3725,19,南昌,数码,browse,230.0
3726,20,北京,美妆,cart,88.0
3727,21,上海,服饰,collect,19.9
3729,8,广州,图书,browse,0.0
3730,10,南昌,数码,cart,0.0
3731,12,北京,美妆,collect,0.0
3732,15,上海,服饰,purchase,120.0
3734,20,广州,图书,cart,88.0
3735,21,南昌,数码,collect,19.9
3736,22,北京,美妆,purchase,299.0
3737,8,上海,服饰,browse,0.0
3739,12,广州,图书,collect,0.0
3740,15,南昌,数码,purchase,120.0
3741,19,北京,美妆,browse,230.0
3742,20,上海,服饰,cart,88.0
3744,22,广州,图书,purchase,299.0
3745,8,南昌,数码,browse,0.0
3746,10,北京,美妆,cart,0.0
3747,12,上海,服饰,collect,0.0
3749,19,广州,图书,browse,230.0
3750,20,南昌,数码,cart,88.0
3751,21,北京,美妆,collect,19.9
3752,22,上海,服饰,purchase,299.0
3754,10,广州,图书,cart,0.0
3755,12,南昌,数码,collect,0.0
3756,15,北京,美妆,purchase,120.0
3757,19,上海,服饰,browse,230.0
3759,21,广州,图书,collect,19.9
3760,22,南昌,数码,purchase,299.0
3761,8,北京,美妆,browse,0.0
3762,10,上海,服饰,cart,0.0
3764,15,广州,图书,purchase,120.0
3765,19,南昌,数码,browse,230.0
3766,20,北京,美妆,cart,88.0
3767,21,上海,服饰,collect,19.9
3769,8,广州,图书,browse,0.0
3770,10,南昌,数码,cart,0.0
3771,12,北京,美妆,collect,0.0
3772,15,上海,服饰,purchase,120.0
3774,20,广州,图书,cart,88.0
3775,21,南昌,数码,collect,19.9
3776,22,北京,美妆,purchase,299.0
3777,8,上海,服饰,browse,0.0
3779,12,广州,图书,collect,0.0
3780,15,南昌,数码,purchase,120.0
3781,19,北京,美妆,browse,230.0
3782,20,上海,服饰,cart,88.0
3784,22,广州,图书,purchase,299.0
3785,8,南昌,数码,browse,0.0
3786,10,北京,美妆,cart,0.0
3787,12,上海,服饰,collect,0.0
3789,19,广州,图书,browse,230.0
3790,20,南昌,数码,cart,88.0
3791,21,北京,美妆,collect,19.9
3792,22,上海,服饰,purchase,299.0
3794,10,广州,图书,cart,0.0
3795,12,南昌,数码,collect,0.0
3796,15,北京,美妆,purchase,120.0
3797,19,上海,服饰,browse,230.0
3799,21,广州,图书,collect,19.9
3800,22,南昌,数码,purchase,299.0
3801,8,北京,美妆,browse,0.0
3802,10,上海,服饰,cart,0.0
3804,15,广州,图书,purchase,120.0
3805,19,南昌,数码,browse,230.0
3806,20,北京,美妆,cart,88.0
3807,21,上海,服饰,collect,19.9
3809,8,广州,图书,browse,0.0
3810,10,南昌,数码,cart,0.0
3811,12,北京,美妆,collect,0.0
3812,15,上海,服饰,purchase,120.0
3814,20,广州,图书,cart,88.0
3815,21,南昌,数码,collect,19.9
3816,22,北京,美妆,purchase,299.0
3817,8,上海,服饰,browse,0.0
3819,12,广州,图书,collect,0.0
3820,15,南昌,数码,purchase,120.0
3821,19,北京,美妆,browse,230.0
3822,20,上海,服饰,cart,88.0
3824,22,广州,图书,purchase,299.0
3825,8,南昌,数码,browse,0.0
3826,10,北京,美妆,cart,0.0
3827,12,上海,服饰,collect,0.0
3829,19,广州,图书,browse,230.0
3830,20,南昌,数码,cart,88.0
3831,21,北京,美妆,collect,19.9
3832,22,上海,服饰,purchase,299.0
3834,10,广州,图书,cart,0.0
3835,12,南昌,数码,collect,0.0
3836,15,北京,美妆,purchase,120.0
3837,19,上海,服饰,browse,230.0
3839,21,广州,图书,collect,19.9
3840,22,南昌,数码,purchase,299.0
3841,8,北京,美妆,browse,0.0
3842,10,上海,服饰,cart,0.0
3844,15,广州,图书,purchase,120.0
3845,19,南昌,数码,browse,230.0
3846,20,北京,美妆,cart,88.0
3847,21,上海,服饰,collect,19.9
3849,8,广州,图书,browse,0.0
3850,10,南昌,数码,cart,0.0
3851,12,北京,美妆,collect,0.0
3852,15,上海,服饰,purchase,120.0
3854,20,广州,图书,cart,88.0
3855,21,南昌,数码,collect,19.9
3856,22,北京,美妆,purchase,299.0
3857,8,上海,服饰,browse,0.0
3859,12,广州,图书,collect,0.0
3860,15,南昌,数码,purchase,120.0
3861,19,北京,美妆,browse,230.0
3862,20,上海,服饰,cart,88.0
3864,22,广州,图书,purchase,299.0
3865,8,南昌,数码,browse,0.0
3866,10,北京,美妆,cart,0.0
3867,12,上海,服饰,collect,0.0
3869,19,广州,图书,browse,230.0
3870,20,南昌,数码,cart,88.0
3871,21,北京,美妆,collect,19.9
3872,22,上海,服饰,purchase,299.0
3874,10,广州,图书,cart,0.0
3875,12,南昌,数码,collect,0.0
3876,15,北京,美妆,purchase,120.0
3877,19,上海,服饰,browse,230.0
3879,21,广州,图书,collect,19.9
3880,22,南昌,数码,purchase,299.0
3881,8,北京,美妆,browse,0.0
3882,10,上海,服饰,cart,0.0
3884,15,广州,图书,purchase,120.0
3885,19,南昌,数码,browse,230.0
3886,20,北京,美妆,cart,88.0
3887,21,上海,服饰,collect,19.9
3889,8,广州,图书,browse,0.0
3890,10,南昌,数码,cart,0.0
3891,12,北京,美妆,collect,0.0
3892,15,上海,服饰,purchase,120.0
3894,20,广州,图书,cart,88.0
3895,21,南昌,数码,collect,19.9
3896,22,北京,美妆,purchase,299.0
3897,8,上海,服饰,browse,0.0
3899,12,广州,图书,collect,0.0
3900,15,南昌,数码,purchase,120.0
3901,19,北京,美妆,browse,230.0
3902,20,上海,服饰,cart,88.0
3904,22,广州,图书,purchase,299.0
3905,8,南昌,数码,browse,0.0
3906,10,北京,美妆,cart,0.0
3907,12,上海,服饰,collect,0.0
3909,19,广州,图书,browse,230.0
3910,20,南昌,数码,cart,88.0
3911,21,北京,美妆,collect,19.9
3912,22,上海,服饰,purchase,299.0
3914,10,广州,图书,cart,0.0
3915,12,南昌,数码,collect,0.0
3916,15,北京,美妆,purchase,120.0
3917,19,上海,服饰,browse,230.0
3919,21,广州,图书,collect,19.9
3920,22,南昌,数码,purchase,299.0
3921,8,北京,美妆,browse,0.0
3922,10,上海,服饰,cart,0.0
3924,15,广州,图书,purchase,120.0
3925,19,南昌,数码,browse,230.0
3926,20,北京,美妆,cart,88.0
3927,21,上海,服饰,collect,19.9
3929,8,广州,图书,browse,0.0
3930,10,南昌,数码,cart,0.0
3931,12,北京,美妆,collect,0.0
3932,15,上海,服饰,purchase,120.0
3934,20,广州,图书,cart,88.0
3935,21,南昌,数码,collect,19.9
3936,22,北京,美妆,purchase,299.0
3937,8,上海,服饰,browse,0.0
3939,12,广州,图书,collect,0.0
3940,15,南昌,数码,purchase,120.0
3941,19,北京,美妆,browse,230.0
3942,20,上海,服饰,cart,88.0
3944,22,广州,图书,purchase,299.0
3945,8,南昌,数码,browse,0.0
3946,10,北京,美妆,cart,0.0
3947,12,上海,服饰,collect,0.0
3949,19,广州,图书,browse,230.0
3950,20,南昌,数码,cart,88.0
3951,21,北京,美妆,collect,19.9
3952,22,上海,服饰,purchase,299.0
3954,10,广州,图书,cart,0.0
3955,12,南昌,数码,collect,0.0
3956,15,北京,美妆,purchase,120.0
3957,19,上海,服饰,browse,230.0
3959,21,广州,图书,collect,19.9
3960,22,南昌,数码,purchase,299.0
3961,8,北京,美妆,browse,0.0
3962,10,上海,服饰,cart,0.0
3964,15,广州,图书,purchase,120.0
3965,19,南昌,数码,browse,230.0
3966,20,北京,美妆,cart,88.0
3967,21,上海,服饰,collect,19.9
3969,8,广州,图书,browse,0.0
3970,10,南昌,数码,cart,0.0
3971,12,北京,美妆,collect,0.0
3972,15,上海,服饰,purchase,120.0
3974,20,广州,图书,cart,88.0
3975,21,南昌,数码,collect,19.9
3976,22,北京,美妆,purchase,299.0
3977,8,上海,服饰,browse,0.0
3979,12,广州,图书,collect,0.0
3980,15,南昌,数码,purchase,120.0
3981,19,北京,美妆,browse,230.0
3982,20,上海,服饰,cart,88.0
3984,22,广州,图书,purchase,299.0
3985,8,南昌,数码,browse,0.0
3986,10,北京,美妆,cart,0.0
3987,12,上海,服饰,collect,0.0
3989,19,广州,图书,browse,230.0
3990,20,南昌,数码,cart,88.0
3991,21,北京,美妆,collect,19.9
3992,22,上海,服饰,purchase,299.0
3994,10,广州,图书,cart,0.0
3995,12,南昌,数码,collect,0.0
3996,15,北京,美妆,purchase,120.0
3997,19,上海,服饰,browse,230.0
3999,21,广州,图书,collect,19.9
4000,22,南昌,数码,purchase,299.0
4001,8,北京,美妆,browse,0.0
4002,10,上海,服饰,cart,0.0
4004,15,广州,图书,purchase,120.0
4005,19,南昌,数码,browse,230.0
4006,20,北京,美妆,cart,88.0
4007,21,上海,服饰,collect,19.9
4009,8,广州,图书,browse,0.0
4010,10,南昌,数码,cart,0.0
4011,12,北京,美妆,collect,0.0
4012,15,上海,服饰,purchase,120.0
4014,20,广州,图书,cart,88.0
4015,21,南昌,数码,collect,19.9
4016,22,北京,美妆,purchase,299.0
4017,8,上海,服饰,browse,0.0
4019,12,广州,图书,collect,0.0
4020,15,南昌,数码,purchase,120.0
4021,19,北京,美妆,browse,230.0
4022,20,上海,服饰,cart,88.0
4024,22,广州,图书,purchase,299.0
4025,8,南昌,数码,browse,0.0
4026,10,北京,美妆,cart,0.0
4027,12,上海,服饰,collect,0.0
4029,19,广州,图书,browse,230.0
4030,20,南昌,数码,cart,88.0
4031,21,北京,美妆,collect,19.9
4032,22,上海,服饰,purchase,299.0
4034,10,广州,图书,cart,0.0
4035,12,南昌,数码,collect,0.0
4036,15,北京,美妆,purchase,120.0
4037,19,上海,服饰,browse,230.0
4039,21,广州,图书,collect,19.9
4040,22,南昌,数码,purchase,299.0
4041,8,北京,美妆,browse,0.0
4042,10,上海,服饰,cart,0.0
4044,15,广州,图书,purchase,120.0
4045,19,南昌,数码,browse,230.0
4046,20,北京,美妆,cart,88.0
4047,21,上海,服饰,collect,19.9
4049,8,广州,图书,browse,0.0
4050,10,南昌,数码,cart,0.0
4051,12,北京,美妆,collect,0.0
4052,15,上海,服饰,purchase,120.0
4054,20,广州,图书,cart,88.0
4055,21,南昌,数码,collect,19.9
4056,22,北京,美妆,purchase,299.0
4057,8,上海,服饰,browse,0.0
4059,12,广州,图书,collect,0.0
4060,15,南昌,数码,purchase,120.0
4061,19,北京,美妆,browse,230.0
4062,20,上海,服饰,cart,88.0
4064,22,广州,图书,purchase,299.0
4065,8,南昌,数码,browse,0.0
4066,10,北京,美妆,cart,0.0
4067,12,上海,服饰,collect,0.0
4069,19,广州,图书,browse,230.0
4070,20,南昌,数码,cart,88.0
4071,21,北京,美妆,collect,19.9
4072,22,上海,服饰,purchase,299.0
4074,10,广州,图书,cart,0.0
4075,12,南昌,数码,collect,0.0
4076,15,北京,美妆,purchase,120.0
4077,19,上海,服饰,browse,230.0
4079,21,广州,图书,collect,19.9
4080,22,南昌,数码,purchase,299.0
4081,8,北京,美妆,browse,0.0
4082,10,上海,服饰,cart,0.0
4084,15,广州,图书,purchase,120.0
4085,19,南昌,数码,browse,230.0
4086,20,北京,美妆,cart,88.0
4087,21,上海,服饰,collect,19.9
4089,8,广州,图书,browse,0.0
4090,10,南昌,数码,cart,0.0
4091,12,北京,美妆,collect,0.0
4092,15,上海,服饰,purchase,120.0
4094,20,广州,图书,cart,88.0
4095,21,南昌,数码,collect,19.9
4096,22,北京,美妆,purchase,299.0
4097,8,上海,服饰,browse,0.0
4099,12,广州,图书,collect,0.0
4100,15,南昌,数码,purchase,120.0
4101,19,北京,美妆,browse,230.0
4102,20,上海,服饰,cart,88.0
4104,22,广州,图书,purchase,299.0
4105,8,南昌,数码,browse,0.0
4106,10,北京,美妆,cart,0.0
4107,12,上海,服饰,collect,0.0
4109,19,广州,图书,browse,230.0
4110,20,南昌,数码,cart,88.0
4111,21,北京,美妆,collect,19.9
4112,22,上海,服饰,purchase,299.0
4114,10,广州,图书,cart,0.0
4115,12,南昌,数码,collect,0.0
4116,15,北京,美妆,purchase,120.0
4117,19,上海,服饰,browse,230.0
4119,21,广州,图书,collect,19.9
4120,22,南昌,数码,purchase,299.0
4121,8,北京,美妆,browse,0.0
4122,10,上海,服饰,cart,0.0
4124,15,广州,图书,purchase,120.0
4125,19,南昌,数码,browse,230.0
4126,20,北京,美妆,cart,88.0
4127,21,上海,服饰,collect,19.9
4129,8,广州,图书,browse,0.0
4130,10,南昌,数码,cart,0.0
4131,12,北京,美妆,collect,0.0
4132,15,上海,服饰,purchase,120.0
4134,20,广州,图书,cart,88.0
4135,21,南昌,数码,collect,19.9
4136,22,北京,美妆,purchase,299.0
4137,8,上海,服饰,browse,0.0
4139,12,广州,图书,collect,0.0
4140,15,南昌,数码,purchase,120.0
4141,19,北京,美妆,browse,230.0
4142,20,上海,服饰,cart,88.0
4144,22,广州,图书,purchase,299.0
4145,8,南昌,数码,browse,0.0
4146,10,北京,美妆,cart,0.0
4147,12,上海,服饰,collect,0.0
4149,19,广州,图书,browse,230.0
4150,20,南昌,数码,cart,88.0
4151,21,北京,美妆,collect,19.9
4152,22,上海,服饰,purchase,299.0
4154,10,广州,图书,cart,0.0
4155,12,南昌,数码,collect,0.0
4156,15,北京,美妆,purchase,120.0
4157,19,上海,服饰,browse,230.0
4159,21,广州,图书,collect,19.9
4160,22,南昌,数码,purchase,299.0
4161,8,北京,美妆,browse,0.0
4162,10,上海,服饰,cart,0.0
4164,15,广州,图书,purchase,120.0
4165,19,南昌,数码,browse,230.0
4166,20,北京,美妆,cart,88.0
4167,21,上海,服饰,collect,19.9
4169,8,广州,图书,browse,0.0
4170,10,南昌,数码,cart,0.0
4171,12,北京,美妆,collect,0.0
4172,15,上海,服饰,purchase,120.0
4174,20,广州,图书,cart,88.0
4175,21,南昌,数码,collect,19.9
4176,22,北京,美妆,purchase,299.0
4177,8,上海,服饰,browse,0.0
4179,12,广州,图书,collect,0.0
4180,15,南昌,数码,purchase,120.0
4181,19,北京,美妆,browse,230.0
4182,20,上海,服饰,cart,88.0
4184,22,广州,图书,purchase,299.0
4185,8,南昌,数码,browse,0.0
4186,10,北京,美妆,cart,0.0
4187,12,上海,服饰,collect,0.0
4189,19,广州,图书,browse,230.0
4190,20,南昌,数码,cart,88.0
4191,21,北京,美妆,collect,19.9
4192,22,上海,服饰,purchase,299.0
4194,10,广州,图书,cart,0.0
4195,12,南昌,数码,collect,0.0
4196,15,北京,美妆,purchase,120.0
4197,19,上海,服饰,browse,230.0
4199,21,广州,图书,collect,19.9
4200,22,南昌,数码,purchase,299.0
4201,8,北京,美妆,browse,0.0
4202,10,上海,服饰,cart,0.0
4204,15,广州,图书,purchase,120.0
4205,19,南昌,数码,browse,230.0
4206,20,北京,美妆,cart,88.0
4207,21,上海,服饰,collect,19.9
4209,8,广州,图书,browse,0.0
4210,10,南昌,数码,cart,0.0
4211,12,北京,美妆,collect,0.0
4212,15,上海,服饰,purchase,120.0
4214,20,广州,图书,cart,88.0
4215,21,南昌,数码,collect,19.9
4216,22,北京,美妆,purchase,299.0
4217,8,上海,服饰,browse,0.0
4219,12,广州,图书,collect,0.0
4220,15,南昌,数码,purchase,120.0
4221,19,北京,美妆,browse,230.0
4222,20,上海,服饰,cart,88.0
4224,22,广州,图书,purchase,299.0
4225,8,南昌,数码,browse,0.0
4226,10,北京,美妆,cart,0.0
4227,12,上海,服饰,collect,0.0
4229,19,广州,图书,browse,230.0
4230,20,南昌,数码,cart,88.0
4231,21,北京,美妆,collect,19.9
4232,22,上海,服饰,purchase,299.0
4234,10,广州,图书,cart,0.0
4235,12,南昌,数码,collect,0.0
4236,15,北京,美妆,purchase,120.0
4237,19,上海,服饰,browse,230.0
4239,21,广州,图书,collect,19.9
4240,22,南昌,数码,purchase,299.0
4241,8,北京,美妆,browse,0.0
4242,10,上海,服饰,cart,0.0
4244,15,广州,图书,purchase,120.0
4245,19,南昌,数码,browse,230.0
4246,20,北京,美妆,cart,88.0
4247,21,上海,服饰,collect,19.9
4249,8,广州,图书,browse,0.0
4250,10,南昌,数码,cart,0.0
4251,12,北京,美妆,collect,0.0
4252,15,上海,服饰,purchase,120.0
4254,20,广州,图书,cart,88.0
4255,21,南昌,数码,collect,19.9
4256,22,北京,美妆,purchase,299.0
4257,8,上海,服饰,browse,0.0
4259,12,广州,图书,collect,0.0
4260,15,南昌,数码,purchase,120.0
4261,19,北京,美妆,browse,230.0
4262,20,上海,服饰,cart,88.0
4264,22,广州,图书,purchase,299.0
4265,8,南昌,数码,browse,0.0
4266,10,北京,美妆,cart,0.0
4267,12,上海,服饰,collect,0.0
4269,19,广州,图书,browse,230.0
4270,20,南昌,数码,cart,88.0
4271,21,北京,美妆,collect,19.9
4272,22,上海,服饰,purchase,299.0
4274,10,广州,图书,cart,0.0
4275,12,南昌,数码,collect,0.0
4276,15,北京,美妆,purchase,120.0
4277,19,上海,服饰,browse,230.0
4279,21,广州,图书,collect,19.9
4280,22,南昌,数码,purchase,299.0
4281,8,北京,美妆,browse,0.0
4282,10,上海,服饰,cart,0.0
4284,15,广州,图书,purchase,120.0
4285,19,南昌,数码,browse,230.0
4286,20,北京,美妆,cart,88.0
4287,21,上海,服饰,collect,19.9
4289,8,广州,图书,browse,0.0
4290,10,南昌,数码,cart,0.0
4291,12,北京,美妆,collect,0.0
4292,15,上海,服饰,purchase,120.0
4294,20,广州,图书,cart,88.0
4295,21,南昌,数码,collect,19.9
4296,22,北京,美妆,purchase,299.0
4297,8,上海,服饰,browse,0.0
4299,12,广州,图书,collect,0.0
4300,15,南昌,数码,purchase,120.0
4301,19,北京,美妆,browse,230.0
4302,20,上海,服饰,cart,88.0
4304,22,广州,图书,purchase,299.0
4305,8,南昌,数码,browse,0.0
4306,10,北京,美妆,cart,0.0
4307,12,上海,服饰,collect,0.0
4309,19,广州,图书,browse,230.0
4310,20,南昌,数码,cart,88.0
4311,21,北京,美妆,collect,19.9
4312,22,上海,服饰,purchase,299.0
4314,10,广州,图书,cart,0.0
4315,12,南昌,数码,collect,0.0
4316,15,北京,美妆,purchase,120.0
4317,19,上海,服饰,browse,230.0
4319,21,广州,图书,collect,19.9
4320,22,南昌,数码,purchase,299.0
4321,8,北京,美妆,browse,0.0
4322,10,上海,服饰,cart,0.0
4324,15,广州,图书,purchase,120.0
4325,19,南昌,数码,browse,230.0
4326,20,北京,美妆,cart,88.0
4327,21,上海,服饰,collect,19.9
4329,8,广州,图书,browse,0.0
4330,10,南昌,数码,cart,0.0
4331,12,北京,美妆,collect,0.0
4332,15,上海,服饰,purchase,120.0
4334,20,广州,图书,cart,88.0
4335,21,南昌,数码,collect,19.9
4336,22,北京,美妆,purchase,299.0
4337,8,上海,服饰,browse,0.0
4339,12,广州,图书,collect,0.0
4340,15,南昌,数码,purchase,120.0
4341,19,北京,美妆,browse,230.0
4342,20,上海,服饰,cart,88.0
4344,22,广州,图书,purchase,299.0
4345,8,南昌,数码,browse,0.0
4346,10,北京,美妆,cart,0.0
4347,12,上海,服饰,collect,0.0
4349,19,广州,图书,browse,230.0
4350,20,南昌,数码,cart,88.0
4351,21,北京,美妆,collect,19.9
4352,22,上海,服饰,purchase,299.0
4354,10,广州,图书,cart,0.0
4355,12,南昌,数码,collect,0.0
4356,15,北京,美妆,purchase,120.0
4357,19,上海,服饰,browse,230.0
4359,21,广州,图书,collect,19.9
4360,22,南昌,数码,purchase,299.0
4361,8,北京,美妆,browse,0.0
4362,10,上海,服饰,cart,0.0
4364,15,广州,图书,purchase,120.0
4365,19,南昌,数码,browse,230.0
4366,20,北京,美妆,cart,88.0
4367,21,上海,服饰,collect,19.9
4369,8,广州,图书,browse,0.0
4370,10,南昌,数码,cart,0.0
4371,12,北京,美妆,collect,0.0
4372,15,上海,服饰,purchase,120.0
4374,20,广州,图书,cart,88.0
4375,21,南昌,数码,collect,19.9
4376,22,北京,美妆,purchase,299.0
4377,8,上海,服饰,browse,0.0
4379,12,广州,图书,collect,0.0
4380,15,南昌,数码,purchase,120.0
4381,19,北京,美妆,browse,230.0
4382,20,上海,服饰,cart,88.0
4384,22,广州,图书,purchase,299.0
4385,8,南昌,数码,browse,0.0
4386,10,北京,美妆,cart,0.0
4387,12,上海,服饰,collect,0.0
4389,19,广州,图书,browse,230.0
4390,20,南昌,数码,cart,88.0
4391,21,北京,美妆,collect,19.9
4392,22,上海,服饰,purchase,299.0
4394,10,广州,图书,cart,0.0
4395,12,南昌,数码,collect,0.0
4396,15,北京,美妆,purchase,120.0
4397,19,上海,服饰,browse,230.0
4399,21,广州,图书,collect,19.9
4400,22,南昌,数码,purchase,299.0
4401,8,北京,美妆,browse,0.0
4402,10,上海,服饰,cart,0.0
4404,15,广州,图书,purchase,120.0
4405,19,南昌,数码,browse,230.0
4406,20,北京,美妆,cart,88.0
4407,21,上海,服饰,collect,19.9
4409,8,广州,图书,browse,0.0
4410,10,南昌,数码,cart,0.0
4411,12,北京,美妆,collect,0.0
4412,15,上海,服饰,purchase,120.0
4414,20,广州,图书,cart,88.0
4415,21,南昌,数码,collect,19.9
4416,22,北京,美妆,purchase,299.0
4417,8,上海,服饰,browse,0.0
4419,12,广州,图书,collect,0.0
4420,15,南昌,数码,purchase,120.0
4421,19,北京,美妆,browse,230.0
4422,20,上海,服饰,cart,88.0
4424,22,广州,图书,purchase,299.0
4425,8,南昌,数码,browse,0.0
4426,10,北京,美妆,cart,0.0
4427,12,上海,服饰,collect,0.0
4429,19,广州,图书,browse,230.0
4430,20,南昌,数码,cart,88.0
4431,21,北京,美妆,collect,19.9
4432,22,上海,服饰,purchase,299.0
4434,10,广州,图书,cart,0.0
4435,12,南昌,数码,collect,0.0
4436,15,北京,美妆,purchase,120.0
4437,19,上海,服饰,browse,230.0
4439,21,广州,图书,collect,19.9
4440,22,南昌,数码,purchase,299.0
4441,8,北京,美妆,browse,0.0
4442,10,上海,服饰,cart,0.0
4444,15,广州,图书,purchase,120.0
4445,19,南昌,数码,browse,230.0
4446,20,北京,美妆,cart,88.0
4447,21,上海,服饰,collect,19.9
4449,8,广州,图书,browse,0.0
4450,10,南昌,数码,cart,0.0
4451,12,北京,美妆,collect,0.0
4452,15,上海,服饰,purchase,120.0
4454,20,广州,图书,cart,88.0
4455,21,南昌,数码,collect,19.9
4456,22,北京,美妆,purchase,299.0
4457,8,上海,服饰,browse,0.0
4459,12,广州,图书,collect,0.0
4460,15,南昌,数码,purchase,120.0
4461,19,北京,美妆,browse,230.0
4462,20,上海,服饰,cart,88.0
4464,22,广州,图书,purchase,299.0
4465,8,南昌,数码,browse,0.0
4466,10,北京,美妆,cart,0.0
4467,12,上海,服饰,collect,0.0
4469,19,广州,图书,browse,230.0
4470,20,南昌,数码,cart,88.0
4471,21,北京,美妆,collect,19.9
4472,22,上海,服饰,purchase,299.0
4474,10,广州,图书,cart,0.0
4475,12,南昌,数码,collect,0.0
4476,15,北京,美妆,purchase,120.0
4477,19,上海,服饰,browse,230.0
4479,21,广州,图书,collect,19.9
4480,22,南昌,数码,purchase,299.0
4481,8,北京,美妆,browse,0.0
4482,10,上海,服饰,cart,0.0
4484,15,广州,图书,purchase,120.0
4485,19,南昌,数码,browse,230.0
4486,20,北京,美妆,cart,88.0
4487,21,上海,服饰,collect,19.9
4489,8,广州,图书,browse,0.0
4490,10,南昌,数码,cart,0.0
4491,12,北京,美妆,collect,0.0
4492,15,上海,服饰,purchase,120.0
4494,20,广州,图书,cart,88.0
4495,21,南昌,数码,collect,19.9
4496,22,北京,美妆,purchase,299.0
4497,8,上海,服饰,browse,0.0
4499,12,广州,图书,collect,0.0
4500,15,南昌,数码,purchase,120.0
4501,19,北京,美妆,browse,230.0
4502,20,上海,服饰,cart,88.0
4504,22,广州,图书,purchase,299.0
4505,8,南昌,数码,browse,0.0
4506,10,北京,美妆,cart,0.0
4507,12,上海,服饰,collect,0.0
4509,19,广州,图书,browse,230.0
4510,20,南昌,数码,cart,88.0
4511,21,北京,美妆,collect,19.9
4512,22,上海,服饰,purchase,299.0
4514,10,广州,图书,cart,0.0
4515,12,南昌,数码,collect,0.0
4516,15,北京,美妆,purchase,120.0
4517,19,上海,服饰,browse,230.0
4519,21,广州,图书,collect,19.9
4520,22,南昌,数码,purchase,299.0
4521,8,北京,美妆,browse,0.0
4522,10,上海,服饰,cart,0.0
4524,15,广州,图书,purchase,120.0
4525,19,南昌,数码,browse,230.0
4526,20,北京,美妆,cart,88.0
4527,21,上海,服饰,collect,19.9
4529,8,广州,图书,browse,0.0
4530,10,南昌,数码,cart,0.0
4531,12,北京,美妆,collect,0.0
4532,15,上海,服饰,purchase,120.0
4534,20,广州,图书,cart,88.0
4535,21,南昌,数码,collect,19.9
4536,22,北京,美妆,purchase,299.0
4537,8,上海,服饰,browse,0.0
4539,12,广州,图书,collect,0.0
4540,15,南昌,数码,purchase,120.0
4541,19,北京,美妆,browse,230.0
4542,20,上海,服饰,cart,88.0
4544,22,广州,图书,purchase,299.0
4545,8,南昌,数码,browse,0.0
4546,10,北京,美妆,cart,0.0
4547,12,上海,服饰,collect,0.0
4549,19,广州,图书,browse,230.0
4550,20,南昌,数码,cart,88.0
4551,21,北京,美妆,collect,19.9
4552,22,上海,服饰,purchase,299.0
4554,10,广州,图书,cart,0.0
4555,12,南昌,数码,collect,0.0
4556,15,北京,美妆,purchase,120.0
4557,19,上海,服饰,browse,230.0
4559,21,广州,图书,collect,19.9
4560,22,南昌,数码,purchase,299.0
4561,8,北京,美妆,browse,0.0
4562,10,上海,服饰,cart,0.0
4564,15,广州,图书,purchase,120.0
4565,19,南昌,数码,browse,230.0
4566,20,北京,美妆,cart,88.0
4567,21,上海,服饰,collect,19.9
4569,8,广州,图书,browse,0.0
4570,10,南昌,数码,cart,0.0
4571,12,北京,美妆,collect,0.0
4572,15,上海,服饰,purchase,120.0
4574,20,广州,图书,cart,88.0
4575,21,南昌,数码,collect,19.9
4576,22,北京,美妆,purchase,299.0
4577,8,上海,服饰,browse,0.0
4579,12,广州,图书,collect,0.0
4580,15,南昌,数码,purchase,120.0
4581,19,北京,美妆,browse,230.0
4582,20,上海,服饰,cart,88.0
4584,22,广州,图书,purchase,299.0
4585,8,南昌,数码,browse,0.0
4586,10,北京,美妆,cart,0.0
4587,12,上海,服饰,collect,0.0
4589,19,广州,图书,browse,230.0
4590,20,南昌,数码,cart,88.0
4591,21,北京,美妆,collect,19.9
4592,22,上海,服饰,purchase,299.0
4594,10,广州,图书,cart,0.0
4595,12,南昌,数码,collect,0.0
4596,15,北京,美妆,purchase,120.0
4597,19,上海,服饰,browse,230.0
4599,21,广州,图书,collect,19.9
4600,22,南昌,数码,purchase,299.0
4601,8,北京,美妆,browse,0.0
4602,10,上海,服饰,cart,0.0
4604,15,广州,图书,purchase,120.0
4605,19,南昌,数码,browse,230.0
4606,20,北京,美妆,cart,88.0
4607,21,上海,服饰,collect,19.9
4609,8,广州,图书,browse,0.0
4610,10,南昌,数码,cart,0.0
4611,12,北京,美妆,collect,0.0
4612,15,上海,服饰,purchase,120.0
4614,20,广州,图书,cart,88.0
4615,21,南昌,数码,collect,19.9
4616,22,北京,美妆,purchase,299.0
4617,8,上海,服饰,browse,0.0
4619,12,广州,图书,collect,0.0
4620,15,南昌,数码,purchase,120.0
4621,19,北京,美妆,browse,230.0
4622,20,上海,服饰,cart,88.0
4624,22,广州,图书,purchase,299.0
4625,8,南昌,数码,browse,0.0
4626,10,北京,美妆,cart,0.0
4627,12,上海,服饰,collect,0.0
4629,19,广州,图书,browse,230.0
4630,20,南昌,数码,cart,88.0
4631,21,北京,美妆,collect,19.9
4632,22,上海,服饰,purchase,299.0
4634,10,广州,图书,cart,0.0
4635,12,南昌,数码,collect,0.0
4636,15,北京,美妆,purchase,120.0
4637,19,上海,服饰,browse,230.0
4639,21,广州,图书,collect,19.9
4640,22,南昌,数码,purchase,299.0
4641,8,北京,美妆,browse,0.0
4642,10,上海,服饰,cart,0.0
4644,15,广州,图书,purchase,120.0
4645,19,南昌,数码,browse,230.0
4646,20,北京,美妆,cart,88.0
4647,21,上海,服饰,collect,19.9
4649,8,广州,图书,browse,0.0
4650,10,南昌,数码,cart,0.0
4651,12,北京,美妆,collect,0.0
4652,15,上海,服饰,purchase,120.0
4654,20,广州,图书,cart,88.0
4655,21,南昌,数码,collect,19.9
4656,22,北京,美妆,purchase,299.0
4657,8,上海,服饰,browse,0.0
4659,12,广州,图书,collect,0.0
4660,15,南昌,数码,purchase,120.0
4661,19,北京,美妆,browse,230.0
4662,20,上海,服饰,cart,88.0
4664,22,广州,图书,purchase,299.0
4665,8,南昌,数码,browse,0.0
4666,10,北京,美妆,cart,0.0
4667,12,上海,服饰,collect,0.0
4669,19,广州,图书,browse,230.0
4670,20,南昌,数码,cart,88.0
4671,21,北京,美妆,collect,19.9
4672,22,上海,服饰,purchase,299.0
4674,10,广州,图书,cart,0.0
4675,12,南昌,数码,collect,0.0
4676,15,北京,美妆,purchase,120.0
4677,19,上海,服饰,browse,230.0
4679,21,广州,图书,collect,19.9
4680,22,南昌,数码,purchase,299.0
4681,8,北京,美妆,browse,0.0
4682,10,上海,服饰,cart,0.0
4684,15,广州,图书,purchase,120.0
4685,19,南昌,数码,browse,230.0
4686,20,北京,美妆,cart,88.0
4687,21,上海,服饰,collect,19.9
4689,8,广州,图书,browse,0.0
4690,10,南昌,数码,cart,0.0
4691,12,北京,美妆,collect,0.0
4692,15,上海,服饰,purchase,120.0
4694,20,广州,图书,cart,88.0
4695,21,南昌,数码,collect,19.9
4696,22,北京,美妆,purchase,299.0
4697,8,上海,服饰,browse,0.0
4699,12,广州,图书,collect,0.0
4700,15,南昌,数码,purchase,120.0
4701,19,北京,美妆,browse,230.0
4702,20,上海,服饰,cart,88.0
4704,22,广州,图书,purchase,299.0
4705,8,南昌,数码,browse,0.0
4706,10,北京,美妆,cart,0.0
4707,12,上海,服饰,collect,0.0
4709,19,广州,图书,browse,230.0
4710,20,南昌,数码,cart,88.0
4711,21,北京,美妆,collect,19.9
4712,22,上海,服饰,purchase,299.0
4714,10,广州,图书,cart,0.0
4715,12,南昌,数码,collect,0.0
4716,15,北京,美妆,purchase,120.0
4717,19,上海,服饰,browse,230.0
4719,21,广州,图书,collect,19.9
4720,22,南昌,数码,purchase,299.0
4721,8,北京,美妆,browse,0.0
4722,10,上海,服饰,cart,0.0
4724,15,广州,图书,purchase,120.0
4725,19,南昌,数码,browse,230.0
4726,20,北京,美妆,cart,88.0
4727,21,上海,服饰,collect,19.9
4729,8,广州,图书,browse,0.0
4730,10,南昌,数码,cart,0.0
4731,12,北京,美妆,collect,0.0
4732,15,上海,服饰,purchase,120.0
4734,20,广州,图书,cart,88.0
4735,21,南昌,数码,collect,19.9
4736,22,北京,美妆,purchase,299.0
4737,8,上海,服饰,browse,0.0
4739,12,广州,图书,collect,0.0
4740,15,南昌,数码,purchase,120.0
4741,19,北京,美妆,browse,230.0
4742,20,上海,服饰,cart,88.0
4744,22,广州,图书,purchase,299.0
4745,8,南昌,数码,browse,0.0
4746,10,北京,美妆,cart,0.0
4747,12,上海,服饰,collect,0.0
4749,19,广州,图书,browse,230.0
4750,20,南昌,数码,cart,88.0
4751,21,北京,美妆,collect,19.9
4752,22,上海,服饰,purchase,299.0
4754,10,广州,图书,cart,0.0
4755,12,南昌,数码,collect,0.0
4756,15,北京,美妆,purchase,120.0
4757,19,上海,服饰,browse,230.0
4759,21,广州,图书,collect,19.9
4760,22,南昌,数码,purchase,299.0
4761,8,北京,美妆,browse,0.0
4762,10,上海,服饰,cart,0.0
4764,15,广州,图书,purchase,120.0
4765,19,南昌,数码,browse,230.0
4766,20,北京,美妆,cart,88.0
4767,21,上海,服饰,collect,19.9
4769,8,广州,图书,browse,0.0
4770,10,南昌,数码,cart,0.0
4771,12,北京,美妆,collect,0.0
4772,15,上海,服饰,purchase,120.0
4774,20,广州,图书,cart,88.0
4775,21,南昌,数码,collect,19.9
4776,22,北京,美妆,purchase,299.0
4777,8,上海,服饰,browse,0.0
4779,12,广州,图书,collect,0.0
4780,15,南昌,数码,purchase,120.0
4781,19,北京,美妆,browse,230.0
4782,20,上海,服饰,cart,88.0
4784,22,广州,图书,purchase,299.0
4785,8,南昌,数码,browse,0.0
4786,10,北京,美妆,cart,0.0
4787,12,上海,服饰,collect,0.0
4789,19,广州,图书,browse,230.0
4790,20,南昌,数码,cart,88.0
4791,21,北京,美妆,collect,19.9
4792,22,上海,服饰,purchase,299.0
4794,10,广州,图书,cart,0.0
4795,12,南昌,数码,collect,0.0
4796,15,北京,美妆,purchase,120.0
4797,19,上海,服饰,browse,230.0
4799,21,广州,图书,collect,19.9
4800,22,南昌,数码,purchase,299.0
4801,8,北京,美妆,browse,0.0
4802,10,上海,服饰,cart,0.0
4804,15,广州,图书,purchase,120.0
4805,19,南昌,数码,browse,230.0
4806,20,北京,美妆,cart,88.0
4807,21,上海,服饰,collect,19.9
4809,8,广州,图书,browse,0.0
4810,10,南昌,数码,cart,0.0
4811,12,北京,美妆,collect,0.0
4812,15,上海,服饰,purchase,120.0
4814,20,广州,图书,cart,88.0
4815,21,南昌,数码,collect,19.9
4816,22,北京,美妆,purchase,299.0
4817,8,上海,服饰,browse,0.0
4819,12,广州,图书,collect,0.0
4820,15,南昌,数码,purchase,120.0
4821,19,北京,美妆,browse,230.0
4822,20,上海,服饰,cart,88.0
4824,22,广州,图书,purchase,299.0
4825,8,南昌,数码,browse,0.0
4826,10,北京,美妆,cart,0.0
4827,12,上海,服饰,collect,0.0
4829,19,广州,图书,browse,230.0
4830,20,南昌,数码,cart,88.0
4831,21,北京,美妆,collect,19.9
4832,22,上海,服饰,purchase,299.0
4834,10,广州,图书,cart,0.0
4835,12,南昌,数码,collect,0.0
4836,15,北京,美妆,purchase,120.0
4837,19,上海,服饰,browse,230.0
4839,21,广州,图书,collect,19.9
4840,22,南昌,数码,purchase,299.0
4841,8,北京,美妆,browse,0.0
4842,10,上海,服饰,cart,0.0
4844,15,广州,图书,purchase,120.0
4845,19,南昌,数码,browse,230.0
4846,20,北京,美妆,cart,88.0
4847,21,上海,服饰,collect,19.9
4849,8,广州,图书,browse,0.0
4850,10,南昌,数码,cart,0.0
4851,12,北京,美妆,collect,0.0
4852,15,上海,服饰,purchase,120.0
4854,20,广州,图书,cart,88.0
4855,21,南昌,数码,collect,19.9
4856,22,北京,美妆,purchase,299.0
4857,8,上海,服饰,browse,0.0
4859,12,广州,图书,collect,0.0
4860,15,南昌,数码,purchase,120.0
4861,19,北京,美妆,browse,230.0
4862,20,上海,服饰,cart,88.0
4864,22,广州,图书,purchase,299.0
4865,8,南昌,数码,browse,0.0
4866,10,北京,美妆,cart,0.0
4867,12,上海,服饰,collect,0.0
4869,19,广州,图书,browse,230.0
4870,20,南昌,数码,cart,88.0
4871,21,北京,美妆,collect,19.9
4872,22,上海,服饰,purchase,299.0
4874,10,广州,图书,cart,0.0
4875,12,南昌,数码,collect,0.0
4876,15,北京,美妆,purchase,120.0
4877,19,上海,服饰,browse,230.0
4879,21,广州,图书,collect,19.9
4880,22,南昌,数码,purchase,299.0
4881,8,北京,美妆,browse,0.0
4882,10,上海,服饰,cart,0.0
4884,15,广州,图书,purchase,120.0
4885,19,南昌,数码,browse,230.0
4886,20,北京,美妆,cart,88.0
4887,21,上海,服饰,collect,19.9
4889,8,广州,图书,browse,0.0
4890,10,南昌,数码,cart,0.0
4891,12,北京,美妆,collect,0.0
4892,15,上海,服饰,purchase,120.0
4894,20,广州,图书,cart,88.0
4895,21,南昌,数码,collect,19.9
4896,22,北京,美妆,purchase,299.0
4897,8,上海,服饰,browse,0.0
4899,12,广州,图书,collect,0.0
4900,15,南昌,数码,purchase,120.0
4901,19,北京,美妆,browse,230.0
4902,20,上海,服饰,cart,88.0
4904,22,广州,图书,purchase,299.0
4905,8,南昌,数码,browse,0.0
4906,10,北京,美妆,cart,0.0
4907,12,上海,服饰,collect,0.0
4909,19,广州,图书,browse,230.0
4910,20,南昌,数码,cart,88.0
4911,21,北京,美妆,collect,19.9
4912,22,上海,服饰,purchase,299.0
4914,10,广州,图书,cart,0.0
4915,12,南昌,数码,collect,0.0
4916,15,北京,美妆,purchase,120.0
4917,19,上海,服饰,browse,230.0
4919,21,广州,图书,collect,19.9
4920,22,南昌,数码,purchase,299.0
4921,8,北京,美妆,browse,0.0
4922,10,上海,服饰,cart,0.0
4924,15,广州,图书,purchase,120.0
4925,19,南昌,数码,browse,230.0
4926,20,北京,美妆,cart,88.0
4927,21,上海,服饰,collect,19.9
4929,8,广州,图书,browse,0.0
4930,10,南昌,数码,cart,0.0
4931,12,北京,美妆,collect,0.0
4932,15,上海,服饰,purchase,120.0
4934,20,广州,图书,cart,88.0
4935,21,南昌,数码,collect,19.9
4936,22,北京,美妆,purchase,299.0
4937,8,上海,服饰,browse,0.0
4939,12,广州,图书,collect,0.0
4940,15,南昌,数码,purchase,120.0
4941,19,北京,美妆,browse,230.0
4942,20,上海,服饰,cart,88.0
4944,22,广州,图书,purchase,299.0
4945,8,南昌,数码,browse,0.0
4946,10,北京,美妆,cart,0.0
4947,12,上海,服饰,collect,0.0
4949,19,广州,图书,browse,230.0
4950,20,南昌,数码,cart,88.0
4951,21,北京,美妆,collect,19.9
4952,22,上海,服饰,purchase,299.0
4954,10,广州,图书,cart,0.0
4955,12,南昌,数码,collect,0.0
4956,15,北京,美妆,purchase,120.0
4957,19,上海,服饰,browse,230.0
4959,21,广州,图书,collect,19.9
4960,22,南昌,数码,purchase,299.0
4961,8,北京,美妆,browse,0.0
4962,10,上海,服饰,cart,0.0
4964,15,广州,图书,purchase,120.0
4965,19,南昌,数码,browse,230.0
4966,20,北京,美妆,cart,88.0
4967,21,上海,服饰,collect,19.9
4969,8,广州,图书,browse,0.0
4970,10,南昌,数码,cart,0.0
4971,12,北京,美妆,collect,0.0
4972,15,上海,服饰,purchase,120.0
4974,20,广州,图书,cart,88.0
4975,21,南昌,数码,collect,19.9
4976,22,北京,美妆,purchase,299.0
4977,8,上海,服饰,browse,0.0
4979,12,广州,图书,collect,0.0
4980,15,南昌,数码,purchase,120.0
4981,19,北京,美妆,browse,230.0
4982,20,上海,服饰,cart,88.0
4984,22,广州,图书,purchase,299.0
4985,8,南昌,数码,browse,0.0
4986,10,北京,美妆,cart,0.0
4987,12,上海,服饰,collect,0.0
4989,19,广州,图书,browse,230.0
4990,20,南昌,数码,cart,88.0
4991,21,北京,美妆,collect,19.9
4992,22,上海,服饰,purchase,299.0
4994,10,广州,图书,cart,0.0
4995,12,南昌,数码,collect,0.0
4996,15,北京,美妆,purchase,120.0
4997,19,上海,服饰,browse,230.0
4999,21,广州,图书,collect,19.9
5000,22,南昌,数码,purchase,299.0
1,8,北京,美妆,browse,0.0
2,10,上海,服饰,cart,0.0
4,15,广州,图书,purchase,120.0
5,19,南昌,数码,browse,230.0
6,20,北京,美妆,cart,88.0
7,21,上海,服饰,collect,19.9
9,8,广州,图书,browse,0.0
10,10,南昌,数码,cart,0.0
11,12,北京,美妆,collect,0.0
12,15,上海,服饰,purchase,120.0
14,20,广州,图书,cart,88.0
15,21,南昌,数码,collect,19.9
16,22,北京,美妆,purchase,299.0
17,8,上海,服饰,browse,0.0
19,12,广州,图书,collect,0.0
20,15,南昌,数码,purchase,120.0
21,19,北京,美妆,browse,230.0
22,20,上海,服饰,cart,88.0
24,22,广州,图书,purchase,299.0
25,8,南昌,数码,browse,0.0
26,10,北京,美妆,cart,0.0
27,12,上海,服饰,collect,0.0
29,19,广州,图书,browse,230.0
30,20,南昌,数码,cart,88.0
31,21,北京,美妆,collect,19.9
32,22,上海,服饰,purchase,299.0
34,10,广州,图书,cart,0.0
35,12,南昌,数码,collect,0.0
36,15,北京,美妆,purchase,120.0
37,19,上海,服饰,browse,230.0
39,21,广州,图书,collect,19.9
40,22,南昌,数码,purchase,299.0
41,8,北京,美妆,browse,0.0
42,10,上海,服饰,cart,0.0
44,15,广州,图书,purchase,120.0
45,19,南昌,数码,browse,230.0
46,20,北京,美妆,cart,88.0
47,21,上海,服饰,collect,19.9
49,8,广州,图书,browse,0.0
50,10,南昌,数码,cart,0.0
51,12,北京,美妆,collect,0.0
52,15,上海,服饰,purchase,120.0
54,20,广州,图书,cart,88.0
55,21,南昌,数码,collect,19.9
56,22,北京,美妆,purchase,299.0
57,8,上海,服饰,browse,0.0
59,12,广州,图书,collect,0.0
60,15,南昌,数码,purchase,120.0
61,19,北京,美妆,browse,230.0
62,20,上海,服饰,cart,88.0
64,22,广州,图书,purchase,299.0
65,8,南昌,数码,browse,0.0
66,10,北京,美妆,cart,0.0
67,12,上海,服饰,collect,0.0
69,19,广州,图书,browse,230.0
70,20,南昌,数码,cart,88.0
71,21,北京,美妆,collect,19.9
72,22,上海,服饰,purchase,299.0
74,10,广州,图书,cart,0.0
75,12,南昌,数码,collect,0.0
76,15,北京,美妆,purchase,120.0
77,19,上海,服饰,browse,230.0
79,21,广州,图书,collect,19.9
80,22,南昌,数码,purchase,299.0
81,8,北京,美妆,browse,0.0
82,10,上海,服饰,cart,0.0
84,15,广州,图书,purchase,120.0
85,19,南昌,数码,browse,230.0
86,20,北京,美妆,cart,88.0
87,21,上海,服饰,collect,19.9
89,8,广州,图书,browse,0.0
90,10,南昌,数码,cart,0.0
91,12,北京,美妆,collect,0.0
92,15,上海,服饰,purchase,120.0
94,20,广州,图书,cart,88.0
95,21,南昌,数码,collect,19.9
96,22,北京,美妆,purchase,299.0
97,8,上海,服饰,browse,0.0
99,12,广州,图书,collect,0.0
100,15,南昌,数码,purchase,120.0
101,19,北京,美妆,browse,230.0
